Date,Open,High,Low,Close,Volume
,FBX,FBX,FBX,FBX,FBX
2015-01-02,0.05999999865889549,0.05999999865889549,0.05999999865889549,0.05999999865889549,0
2015-01-05,0.07500000298023224,0.07999999821186066,0.07500000298023224,0.07999999821186066,87500
2015-01-06,0.07000000029802322,0.07000000029802322,0.07000000029802322,0.07000000029802322,134000
2015-01-07,0.054999999701976776,0.054999999701976776,0.054999999701976776,0.054999999701976776,1000
2015-01-08,0.054999999701976776,0.054999999701976776,0.054999999701976776,0.054999999701976776,0
2015-01-09,0.06499999761581421,0.06499999761581421,0.06499999761581421,0.06499999761581421,1000
2015-01-12,0.054999999701976776,0.05999999865889549,0.054999999701976776,0.054999999701976776,17500
2015-01-13,0.054999999701976776,0.054999999701976776,0.05000000074505806,0.05000000074505806,200000
2015-01-14,0.05000000074505806,0.05000000074505806,0.05000000074505806,0.05000000074505806,0
2015-01-15,0.054999999701976776,0.054999999701976776,0.054999999701976776,0.054999999701976776,8000
2015-01-16,0.054999999701976776,0.054999999701976776,0.054999999701976776,0.054999999701976776,0
2015-01-20,0.05000000074505806,0.054999999701976776,0.05000000074505806,0.054999999701976776,3000
2015-01-21,0.054999999701976776,0.054999999701976776,0.054999999701976776,0.054999999701976776,0
2015-01-22,0.05000000074505806,0.05999999865889549,0.05000000074505806,0.05999999865889549,55400
2015-01-23,0.05000000074505806,0.05000000074505806,0.05000000074505806,0.05000000074505806,5000
2015-01-26,0.05000000074505806,0.05000000074505806,0.05000000074505806,0.05000000074505806,9000
2015-01-27,0.054999999701976776,0.054999999701976776,0.054999999701976776,0.054999999701976776,5000
2015-01-28,0.054999999701976776,0.054999999701976776,0.054999999701976776,0.054999999701976776,0
2015-01-29,0.054999999701976776,0.054999999701976776,0.054999999701976776,0.054999999701976776,0
2015-01-30,0.054999999701976776,0.054999999701976776,0.054999999701976776,0.054999999701976776,0
2015-02-02,0.054999999701976776,0.054999999701976776,0.054999999701976776,0.054999999701976776,5000
2015-02-03,0.054999999701976776,0.054999999701976776,0.054999999701976776,0.054999999701976776,0
2015-02-04,0.054999999701976776,0.054999999701976776,0.05000000074505806,0.05000000074505806,23100
2015-02-05,0.05000000074505806,0.05000000074505806,0.05000000074505806,0.05000000074505806,0
2015-02-06,0.054999999701976776,0.07000000029802322,0.054999999701976776,0.07000000029802322,4280
2015-02-09,0.07000000029802322,0.07000000029802322,0.07000000029802322,0.07000000029802322,0
2015-02-10,0.07000000029802322,0.07000000029802322,0.07000000029802322,0.07000000029802322,0
2015-02-11,0.07000000029802322,0.07000000029802322,0.07000000029802322,0.07000000029802322,0
2015-02-12,0.05999999865889549,0.05999999865889549,0.05999999865889549,0.05999999865889549,1000
2015-02-13,0.054999999701976776,0.054999999701976776,0.054999999701976776,0.054999999701976776,19000
2015-02-17,0.05000000074505806,0.05000000074505806,0.05000000074505806,0.05000000074505806,10000
2015-02-18,0.054999999701976776,0.054999999701976776,0.054999999701976776,0.054999999701976776,35000
2015-02-19,0.054999999701976776,0.054999999701976776,0.054999999701976776,0.054999999701976776,155000
2015-02-20,0.054999999701976776,0.054999999701976776,0.054999999701976776,0.054999999701976776,0
2015-02-23,0.054999999701976776,0.054999999701976776,0.054999999701976776,0.054999999701976776,0
2015-02-24,0.05000000074505806,0.05000000074505806,0.05000000074505806,0.05000000074505806,42000
2015-02-25,0.05000000074505806,0.05000000074505806,0.05000000074505806,0.05000000074505806,21700
2015-02-26,0.04500000178813934,0.05000000074505806,0.04500000178813934,0.05000000074505806,17000
2015-02-27,0.04500000178813934,0.04500000178813934,0.04500000178813934,0.04500000178813934,22000
2015-03-02,0.05000000074505806,0.05000000074505806,0.05000000074505806,0.05000000074505806,12200
2015-03-03,0.054999999701976776,0.054999999701976776,0.054999999701976776,0.054999999701976776,24000
2015-03-04,0.05000000074505806,0.05000000074505806,0.03999999910593033,0.03999999910593033,242800
2015-03-05,0.04500000178813934,0.04500000178813934,0.04500000178813934,0.04500000178813934,4000
2015-03-06,0.04500000178813934,0.04500000178813934,0.04500000178813934,0.04500000178813934,0
2015-03-09,0.03999999910593033,0.05000000074505806,0.03999999910593033,0.05000000074505806,31500
2015-03-10,0.05000000074505806,0.05000000074505806,0.05000000074505806,0.05000000074505806,0
2015-03-11,0.05000000074505806,0.05000000074505806,0.05000000074505806,0.05000000074505806,95000
2015-03-12,0.05000000074505806,0.05000000074505806,0.05000000074505806,0.05000000074505806,0
2015-03-13,0.05000000074505806,0.05000000074505806,0.05000000074505806,0.05000000074505806,0
2015-03-16,0.05000000074505806,0.054999999701976776,0.05000000074505806,0.054999999701976776,18200
2015-03-17,0.05000000074505806,0.05000000074505806,0.05000000074505806,0.05000000074505806,3000
2015-03-18,0.05000000074505806,0.05000000074505806,0.05000000074505806,0.05000000074505806,0
2015-03-19,0.05000000074505806,0.05000000074505806,0.05000000074505806,0.05000000074505806,0
2015-03-20,0.04500000178813934,0.04500000178813934,0.04500000178813934,0.04500000178813934,5000
2015-03-23,0.03999999910593033,0.03999999910593033,0.03999999910593033,0.03999999910593033,54300
2015-03-24,0.03999999910593033,0.03999999910593033,0.03999999910593033,0.03999999910593033,0
2015-03-25,0.04500000178813934,0.04500000178813934,0.03999999910593033,0.03999999910593033,12950
2015-03-26,0.03999999910593033,0.03999999910593033,0.03999999910593033,0.03999999910593033,0
2015-03-27,0.03500000014901161,0.03999999910593033,0.03500000014901161,0.03999999910593033,265000
2015-03-30,0.03999999910593033,0.03999999910593033,0.03999999910593033,0.03999999910593033,0
2015-03-31,0.03999999910593033,0.03999999910593033,0.03999999910593033,0.03999999910593033,0
2015-04-01,0.03999999910593033,0.03999999910593033,0.03999999910593033,0.03999999910593033,0
2015-04-02,0.03999999910593033,0.03999999910593033,0.03999999910593033,0.03999999910593033,0
2015-04-06,0.03999999910593033,0.03999999910593033,0.03999999910593033,0.03999999910593033,0
2015-04-07,0.03999999910593033,0.03999999910593033,0.03999999910593033,0.03999999910593033,0
2015-04-08,0.04500000178813934,0.04500000178813934,0.03999999910593033,0.04500000178813934,211000
2015-04-09,0.03999999910593033,0.03999999910593033,0.03999999910593033,0.03999999910593033,3300
2015-04-10,0.03999999910593033,0.03999999910593033,0.03999999910593033,0.03999999910593033,0
2015-04-13,0.03999999910593033,0.03999999910593033,0.03999999910593033,0.03999999910593033,0
2015-04-14,0.03999999910593033,0.03999999910593033,0.03999999910593033,0.03999999910593033,0
2015-04-15,0.03999999910593033,0.03999999910593033,0.03999999910593033,0.03999999910593033,0
2015-04-16,0.03999999910593033,0.03999999910593033,0.03999999910593033,0.03999999910593033,0
2015-04-17,0.03999999910593033,0.03999999910593033,0.03999999910593033,0.03999999910593033,0
2015-04-20,0.03999999910593033,0.03999999910593033,0.03999999910593033,0.03999999910593033,0
2015-04-21,0.03999999910593033,0.03999999910593033,0.03999999910593033,0.03999999910593033,0
2015-04-22,0.03999999910593033,0.03999999910593033,0.03999999910593033,0.03999999910593033,0
2015-04-23,0.03999999910593033,0.03999999910593033,0.03999999910593033,0.03999999910593033,0
2015-04-24,0.03999999910593033,0.03999999910593033,0.03999999910593033,0.03999999910593033,28000
2015-04-27,0.03999999910593033,0.03999999910593033,0.03999999910593033,0.03999999910593033,0
2015-04-28,0.03999999910593033,0.03999999910593033,0.03999999910593033,0.03999999910593033,0
2015-04-29,0.04500000178813934,0.04500000178813934,0.04500000178813934,0.04500000178813934,10000
2015-04-30,0.03999999910593033,0.03999999910593033,0.03999999910593033,0.03999999910593033,25000
2015-05-01,0.03999999910593033,0.03999999910593033,0.03999999910593033,0.03999999910593033,10000
2015-05-04,0.03999999910593033,0.03999999910593033,0.03999999910593033,0.03999999910593033,0
2015-05-05,0.03999999910593033,0.03999999910593033,0.03999999910593033,0.03999999910593033,0
2015-05-06,0.03999999910593033,0.03999999910593033,0.03999999910593033,0.03999999910593033,0
2015-05-07,0.03999999910593033,0.03999999910593033,0.03999999910593033,0.03999999910593033,0
2015-05-08,0.03999999910593033,0.03999999910593033,0.03999999910593033,0.03999999910593033,0
2015-05-11,0.03999999910593033,0.03999999910593033,0.03999999910593033,0.03999999910593033,0
2015-05-12,0.03999999910593033,0.03999999910593033,0.03999999910593033,0.03999999910593033,23000
2015-05-13,0.04500000178813934,0.04500000178813934,0.04500000178813934,0.04500000178813934,5560
2015-05-14,0.04500000178813934,0.04500000178813934,0.04500000178813934,0.04500000178813934,0
2015-05-15,0.03999999910593033,0.03999999910593033,0.03999999910593033,0.03999999910593033,10000
2015-05-18,0.03999999910593033,0.03999999910593033,0.03999999910593033,0.03999999910593033,0
2015-05-19,0.03999999910593033,0.03999999910593033,0.03999999910593033,0.03999999910593033,0
2015-05-20,0.03999999910593033,0.03999999910593033,0.03999999910593033,0.03999999910593033,1000
2015-05-21,0.03999999910593033,0.03999999910593033,0.03999999910593033,0.03999999910593033,0
2015-05-22,0.05000000074505806,0.05000000074505806,0.05000000074505806,0.05000000074505806,360500
2015-05-26,0.054999999701976776,0.054999999701976776,0.054999999701976776,0.054999999701976776,5500
2015-05-27,0.054999999701976776,0.054999999701976776,0.054999999701976776,0.054999999701976776,5000
2015-05-28,0.07999999821186066,0.07999999821186066,0.07999999821186066,0.07999999821186066,5000
2015-05-29,0.07999999821186066,0.07999999821186066,0.07999999821186066,0.07999999821186066,30000
2015-06-01,0.08500000089406967,0.08500000089406967,0.08500000089406967,0.08500000089406967,3500
2015-06-02,0.05999999865889549,0.05999999865889549,0.05999999865889549,0.05999999865889549,7000
2015-06-03,0.05999999865889549,0.05999999865889549,0.05999999865889549,0.05999999865889549,0
2015-06-04,0.05999999865889549,0.08500000089406967,0.05999999865889549,0.08500000089406967,14200
2015-06-05,0.07000000029802322,0.07000000029802322,0.07000000029802322,0.07000000029802322,2000
2015-06-08,0.05999999865889549,0.05999999865889549,0.05999999865889549,0.05999999865889549,30000
2015-06-09,0.05999999865889549,0.05999999865889549,0.05999999865889549,0.05999999865889549,0
2015-06-10,0.05999999865889549,0.05999999865889549,0.05999999865889549,0.05999999865889549,0
2015-06-11,0.07000000029802322,0.07000000029802322,0.07000000029802322,0.07000000029802322,23000
2015-06-12,0.07000000029802322,0.07000000029802322,0.07000000029802322,0.07000000029802322,0
2015-06-15,0.07000000029802322,0.07000000029802322,0.07000000029802322,0.07000000029802322,0
2015-06-16,0.06499999761581421,0.06499999761581421,0.06499999761581421,0.06499999761581421,19000
2015-06-17,0.07000000029802322,0.07000000029802322,0.07000000029802322,0.07000000029802322,63200
2015-06-18,0.07000000029802322,0.07000000029802322,0.07000000029802322,0.07000000029802322,0
2015-06-19,0.06499999761581421,0.07999999821186066,0.06499999761581421,0.07999999821186066,372000
2015-06-22,0.07999999821186066,0.07999999821186066,0.07999999821186066,0.07999999821186066,11475
2015-06-23,0.07000000029802322,0.07999999821186066,0.07000000029802322,0.07999999821186066,124177
2015-06-24,0.07999999821186066,0.07999999821186066,0.07999999821186066,0.07999999821186066,0
2015-06-25,0.07000000029802322,0.07000000029802322,0.07000000029802322,0.07000000029802322,3400
2015-06-26,0.07000000029802322,0.07000000029802322,0.07000000029802322,0.07000000029802322,0
2015-06-29,0.08500000089406967,0.08500000089406967,0.07000000029802322,0.07000000029802322,206000
2015-06-30,0.06499999761581421,0.06499999761581421,0.06499999761581421,0.06499999761581421,5000
2015-07-01,0.06499999761581421,0.06499999761581421,0.06499999761581421,0.06499999761581421,0
2015-07-02,0.06499999761581421,0.06499999761581421,0.06499999761581421,0.06499999761581421,0
2015-07-06,0.06499999761581421,0.06499999761581421,0.06499999761581421,0.06499999761581421,0
2015-07-07,0.05999999865889549,0.05999999865889549,0.054999999701976776,0.054999999701976776,27000
2015-07-08,0.054999999701976776,0.054999999701976776,0.054999999701976776,0.054999999701976776,0
2015-07-09,0.06499999761581421,0.07500000298023224,0.06499999761581421,0.07500000298023224,203000
2015-07-10,0.07500000298023224,0.07500000298023224,0.07500000298023224,0.07500000298023224,0
2015-07-13,0.07500000298023224,0.07500000298023224,0.07500000298023224,0.07500000298023224,0
2015-07-14,0.07500000298023224,0.07500000298023224,0.07500000298023224,0.07500000298023224,0
2015-07-15,0.07500000298023224,0.07500000298023224,0.07500000298023224,0.07500000298023224,0
2015-07-16,0.07500000298023224,0.07500000298023224,0.07500000298023224,0.07500000298023224,0
2015-07-17,0.054999999701976776,0.05999999865889549,0.054999999701976776,0.05999999865889549,28900
2015-07-20,0.05999999865889549,0.05999999865889549,0.05999999865889549,0.05999999865889549,0
2015-07-21,0.054999999701976776,0.054999999701976776,0.05000000074505806,0.05000000074505806,15000
2015-07-22,0.05000000074505806,0.05000000074505806,0.05000000074505806,0.05000000074505806,3000
2015-07-23,0.05000000074505806,0.05000000074505806,0.05000000074505806,0.05000000074505806,0
2015-07-24,0.05000000074505806,0.05000000074505806,0.05000000074505806,0.05000000074505806,0
2015-07-27,0.05000000074505806,0.05000000074505806,0.05000000074505806,0.05000000074505806,0
2015-07-28,0.05000000074505806,0.05000000074505806,0.05000000074505806,0.05000000074505806,0
2015-07-29,0.054999999701976776,0.054999999701976776,0.054999999701976776,0.054999999701976776,18457
2015-07-30,0.054999999701976776,0.054999999701976776,0.054999999701976776,0.054999999701976776,0
2015-07-31,0.054999999701976776,0.054999999701976776,0.054999999701976776,0.054999999701976776,0
2015-08-03,0.054999999701976776,0.054999999701976776,0.054999999701976776,0.054999999701976776,0
2015-08-04,0.054999999701976776,0.054999999701976776,0.054999999701976776,0.054999999701976776,0
2015-08-05,0.054999999701976776,0.054999999701976776,0.054999999701976776,0.054999999701976776,0
2015-08-06,0.05000000074505806,0.05000000074505806,0.05000000074505806,0.05000000074505806,39000
2015-08-07,0.05000000074505806,0.05000000074505806,0.05000000074505806,0.05000000074505806,0
2015-08-10,0.05000000074505806,0.05000000074505806,0.05000000074505806,0.05000000074505806,0
2015-08-11,0.05000000074505806,0.05000000074505806,0.05000000074505806,0.05000000074505806,0
2015-08-12,0.05000000074505806,0.05000000074505806,0.05000000074505806,0.05000000074505806,0
2015-08-13,0.05000000074505806,0.05000000074505806,0.05000000074505806,0.05000000074505806,0
2015-08-14,0.05000000074505806,0.05000000074505806,0.05000000074505806,0.05000000074505806,0
2015-08-17,0.05000000074505806,0.05000000074505806,0.05000000074505806,0.05000000074505806,75000
2015-08-18,0.05000000074505806,0.05000000074505806,0.05000000074505806,0.05000000074505806,0
2015-08-19,0.05000000074505806,0.05000000074505806,0.05000000074505806,0.05000000074505806,0
2015-08-20,0.05000000074505806,0.05000000074505806,0.05000000074505806,0.05000000074505806,0
2015-08-21,0.05000000074505806,0.05000000074505806,0.05000000074505806,0.05000000074505806,10000
2015-08-24,0.04500000178813934,0.05000000074505806,0.04500000178813934,0.05000000074505806,44853
2015-08-25,0.054999999701976776,0.054999999701976776,0.054999999701976776,0.054999999701976776,115000
2015-08-26,0.054999999701976776,0.054999999701976776,0.054999999701976776,0.054999999701976776,0
2015-08-27,0.054999999701976776,0.054999999701976776,0.054999999701976776,0.054999999701976776,0
2015-08-28,0.054999999701976776,0.054999999701976776,0.054999999701976776,0.054999999701976776,0
2015-08-31,0.05000000074505806,0.05000000074505806,0.05000000074505806,0.05000000074505806,3400
2015-09-01,0.05000000074505806,0.05000000074505806,0.05000000074505806,0.05000000074505806,0
2015-09-02,0.05000000074505806,0.05000000074505806,0.05000000074505806,0.05000000074505806,0
2015-09-03,0.05000000074505806,0.05000000074505806,0.05000000074505806,0.05000000074505806,0
2015-09-04,0.05000000074505806,0.05000000074505806,0.05000000074505806,0.05000000074505806,0
2015-09-08,0.05000000074505806,0.05000000074505806,0.05000000074505806,0.05000000074505806,0
2015-09-09,0.05000000074505806,0.05000000074505806,0.05000000074505806,0.05000000074505806,0
2015-09-10,0.05000000074505806,0.05000000074505806,0.05000000074505806,0.05000000074505806,7000
2015-09-11,0.05000000074505806,0.05000000074505806,0.05000000074505806,0.05000000074505806,0
2015-09-14,0.05000000074505806,0.05000000074505806,0.05000000074505806,0.05000000074505806,0
2015-09-15,0.04500000178813934,0.04500000178813934,0.04500000178813934,0.04500000178813934,8000
2015-09-16,0.04500000178813934,0.04500000178813934,0.04500000178813934,0.04500000178813934,0
2015-09-17,0.04500000178813934,0.04500000178813934,0.04500000178813934,0.04500000178813934,0
2015-09-18,0.04500000178813934,0.04500000178813934,0.04500000178813934,0.04500000178813934,0
2015-09-21,0.04500000178813934,0.04500000178813934,0.04500000178813934,0.04500000178813934,0
2015-09-22,0.04500000178813934,0.04500000178813934,0.04500000178813934,0.04500000178813934,0
2015-09-23,0.04500000178813934,0.04500000178813934,0.04500000178813934,0.04500000178813934,2000
2015-09-24,0.04500000178813934,0.04500000178813934,0.04500000178813934,0.04500000178813934,0
2015-09-25,0.04500000178813934,0.04500000178813934,0.04500000178813934,0.04500000178813934,0
2015-09-28,0.04500000178813934,0.04500000178813934,0.04500000178813934,0.04500000178813934,0
2015-09-29,0.04500000178813934,0.04500000178813934,0.04500000178813934,0.04500000178813934,24000
2015-09-30,0.04500000178813934,0.04500000178813934,0.04500000178813934,0.04500000178813934,0
2015-10-01,0.04500000178813934,0.04500000178813934,0.03999999910593033,0.03999999910593033,66180
2015-10-02,0.04500000178813934,0.04500000178813934,0.04500000178813934,0.04500000178813934,5000
2015-10-05,0.04500000178813934,0.04500000178813934,0.04500000178813934,0.04500000178813934,0
2015-10-06,0.04500000178813934,0.04500000178813934,0.04500000178813934,0.04500000178813934,0
2015-10-07,0.04500000178813934,0.04500000178813934,0.04500000178813934,0.04500000178813934,0
2015-10-08,0.04500000178813934,0.04500000178813934,0.04500000178813934,0.04500000178813934,0
2015-10-09,0.04500000178813934,0.04500000178813934,0.04500000178813934,0.04500000178813934,0
2015-10-12,0.04500000178813934,0.04500000178813934,0.04500000178813934,0.04500000178813934,0
2015-10-13,0.04500000178813934,0.04500000178813934,0.04500000178813934,0.04500000178813934,30000
2015-10-14,0.04500000178813934,0.04500000178813934,0.04500000178813934,0.04500000178813934,0
2015-10-15,0.04500000178813934,0.04500000178813934,0.04500000178813934,0.04500000178813934,0
2015-10-16,0.04500000178813934,0.04500000178813934,0.04500000178813934,0.04500000178813934,0
2015-10-19,0.04500000178813934,0.05000000074505806,0.04500000178813934,0.05000000074505806,20000
2015-10-20,0.05000000074505806,0.05000000074505806,0.05000000074505806,0.05000000074505806,0
2015-10-21,0.05000000074505806,0.05000000074505806,0.05000000074505806,0.05000000074505806,0
2015-10-22,0.04500000178813934,0.05000000074505806,0.04500000178813934,0.05000000074505806,37000
2015-10-23,0.05000000074505806,0.05000000074505806,0.05000000074505806,0.05000000074505806,4000
2015-10-26,0.05000000074505806,0.05000000074505806,0.05000000074505806,0.05000000074505806,105500
2015-10-27,0.05000000074505806,0.05000000074505806,0.04500000178813934,0.05000000074505806,15000
2015-10-28,0.05000000074505806,0.05000000074505806,0.05000000074505806,0.05000000074505806,0
2015-10-29,0.04500000178813934,0.04500000178813934,0.04500000178813934,0.04500000178813934,6000
2015-10-30,0.04500000178813934,0.04500000178813934,0.04500000178813934,0.04500000178813934,0
2015-11-02,0.04500000178813934,0.04500000178813934,0.04500000178813934,0.04500000178813934,0
2015-11-03,0.04500000178813934,0.04500000178813934,0.04500000178813934,0.04500000178813934,0
2015-11-04,0.04500000178813934,0.04500000178813934,0.03999999910593033,0.03999999910593033,103900
2015-11-05,0.03999999910593033,0.03999999910593033,0.03999999910593033,0.03999999910593033,0
2015-11-06,0.03999999910593033,0.03999999910593033,0.03999999910593033,0.03999999910593033,15500
2015-11-09,0.03999999910593033,0.04500000178813934,0.03999999910593033,0.04500000178813934,17990
2015-11-10,0.04500000178813934,0.04500000178813934,0.04500000178813934,0.04500000178813934,5000
2015-11-11,0.04500000178813934,0.04500000178813934,0.03999999910593033,0.03999999910593033,104000
2015-11-12,0.03500000014901161,0.03500000014901161,0.03500000014901161,0.03500000014901161,90000
2015-11-13,0.03500000014901161,0.03500000014901161,0.03500000014901161,0.03500000014901161,0
2015-11-16,0.029999999329447746,0.029999999329447746,0.029999999329447746,0.029999999329447746,32500
2015-11-17,0.029999999329447746,0.029999999329447746,0.029999999329447746,0.029999999329447746,4000
2015-11-18,0.029999999329447746,0.029999999329447746,0.029999999329447746,0.029999999329447746,0
2015-11-19,0.029999999329447746,0.029999999329447746,0.029999999329447746,0.029999999329447746,6000
2015-11-20,0.03500000014901161,0.03500000014901161,0.03500000014901161,0.03500000014901161,15000
2015-11-23,0.029999999329447746,0.029999999329447746,0.029999999329447746,0.029999999329447746,8000
2015-11-24,0.029999999329447746,0.029999999329447746,0.029999999329447746,0.029999999329447746,0
2015-11-25,0.029999999329447746,0.029999999329447746,0.029999999329447746,0.029999999329447746,0
2015-11-27,0.029999999329447746,0.029999999329447746,0.029999999329447746,0.029999999329447746,40700
2015-11-30,0.029999999329447746,0.029999999329447746,0.029999999329447746,0.029999999329447746,0
2015-12-01,0.03500000014901161,0.03500000014901161,0.029999999329447746,0.029999999329447746,30000
2015-12-02,0.029999999329447746,0.029999999329447746,0.029999999329447746,0.029999999329447746,5000
2015-12-03,0.029999999329447746,0.029999999329447746,0.029999999329447746,0.029999999329447746,0
2015-12-04,0.03500000014901161,0.03500000014901161,0.03500000014901161,0.03500000014901161,32500
2015-12-07,0.03500000014901161,0.03500000014901161,0.03500000014901161,0.03500000014901161,0
2015-12-08,0.029999999329447746,0.029999999329447746,0.029999999329447746,0.029999999329447746,40000
2015-12-09,0.03500000014901161,0.03500000014901161,0.029999999329447746,0.029999999329447746,10000
2015-12-10,0.029999999329447746,0.029999999329447746,0.029999999329447746,0.029999999329447746,3000
2015-12-11,0.029999999329447746,0.029999999329447746,0.029999999329447746,0.029999999329447746,0
2015-12-14,0.03999999910593033,0.03999999910593033,0.029999999329447746,0.029999999329447746,7000
2015-12-15,0.03999999910593033,0.03999999910593033,0.03500000014901161,0.03500000014901161,108000
2015-12-16,0.03500000014901161,0.03500000014901161,0.03500000014901161,0.03500000014901161,0
2015-12-17,0.03999999910593033,0.03999999910593033,0.03999999910593033,0.03999999910593033,30000
2015-12-18,0.03999999910593033,0.03999999910593033,0.03999999910593033,0.03999999910593033,0
2015-12-21,0.03500000014901161,0.03500000014901161,0.03500000014901161,0.03500000014901161,12500
2015-12-22,0.03500000014901161,0.03500000014901161,0.03500000014901161,0.03500000014901161,11000
2015-12-23,0.03500000014901161,0.03500000014901161,0.03500000014901161,0.03500000014901161,0
2015-12-24,0.03500000014901161,0.03500000014901161,0.03500000014901161,0.03500000014901161,400
2015-12-28,0.03500000014901161,0.03500000014901161,0.03500000014901161,0.03500000014901161,0
2015-12-29,0.03500000014901161,0.03500000014901161,0.03500000014901161,0.03500000014901161,46000
2015-12-30,0.03500000014901161,0.03500000014901161,0.03500000014901161,0.03500000014901161,0
2015-12-31,0.03500000014901161,0.03500000014901161,0.03500000014901161,0.03500000014901161,0
2016-01-04,0.029999999329447746,0.029999999329447746,0.029999999329447746,0.029999999329447746,18000
2016-01-05,0.029999999329447746,0.029999999329447746,0.029999999329447746,0.029999999329447746,64400
2016-01-06,0.029999999329447746,0.029999999329447746,0.029999999329447746,0.029999999329447746,0
2016-01-07,0.029999999329447746,0.029999999329447746,0.029999999329447746,0.029999999329447746,0
2016-01-08,0.029999999329447746,0.029999999329447746,0.029999999329447746,0.029999999329447746,0
2016-01-11,0.03500000014901161,0.03500000014901161,0.03500000014901161,0.03500000014901161,5000
2016-01-12,0.05000000074505806,0.054999999701976776,0.05000000074505806,0.054999999701976776,175000
2016-01-13,0.05000000074505806,0.05000000074505806,0.05000000074505806,0.05000000074505806,45248
2016-01-14,0.05000000074505806,0.07500000298023224,0.05000000074505806,0.07500000298023224,200000
2016-01-15,0.03999999910593033,0.05000000074505806,0.03999999910593033,0.04500000178813934,53000
2016-01-19,0.04500000178813934,0.04500000178813934,0.04500000178813934,0.04500000178813934,0
2016-01-20,0.04500000178813934,0.04500000178813934,0.04500000178813934,0.04500000178813934,0
2016-01-21,0.04500000178813934,0.04500000178813934,0.04500000178813934,0.04500000178813934,0
2016-01-22,0.03999999910593033,0.03999999910593033,0.03999999910593033,0.03999999910593033,10000
2016-01-25,0.03999999910593033,0.03999999910593033,0.03999999910593033,0.03999999910593033,0
2016-01-26,0.03999999910593033,0.03999999910593033,0.03999999910593033,0.03999999910593033,0
2016-01-27,0.03999999910593033,0.03999999910593033,0.03999999910593033,0.03999999910593033,0
2016-01-28,0.03999999910593033,0.03999999910593033,0.03999999910593033,0.03999999910593033,14000
2016-01-29,0.03999999910593033,0.03999999910593033,0.03999999910593033,0.03999999910593033,0
2016-02-01,0.03999999910593033,0.03999999910593033,0.03999999910593033,0.03999999910593033,0
2016-02-02,0.03999999910593033,0.03999999910593033,0.03999999910593033,0.03999999910593033,0
2016-02-03,0.03500000014901161,0.03500000014901161,0.03500000014901161,0.03500000014901161,2000
2016-02-04,0.03500000014901161,0.03500000014901161,0.03500000014901161,0.03500000014901161,0
2016-02-05,0.03500000014901161,0.03500000014901161,0.03500000014901161,0.03500000014901161,0
2016-02-08,0.03500000014901161,0.03500000014901161,0.03500000014901161,0.03500000014901161,0
2016-02-09,0.03500000014901161,0.03500000014901161,0.03500000014901161,0.03500000014901161,0
2016-02-10,0.03500000014901161,0.03500000014901161,0.03500000014901161,0.03500000014901161,0
2016-02-11,0.03500000014901161,0.03500000014901161,0.03500000014901161,0.03500000014901161,0
2016-02-12,0.03500000014901161,0.03500000014901161,0.03500000014901161,0.03500000014901161,0
2016-02-16,0.03999999910593033,0.03999999910593033,0.03999999910593033,0.03999999910593033,1000
2016-02-17,0.04500000178813934,0.04500000178813934,0.04500000178813934,0.04500000178813934,53000
2016-02-18,0.03999999910593033,0.03999999910593033,0.03999999910593033,0.03999999910593033,3000
2016-02-19,0.03999999910593033,0.03999999910593033,0.03999999910593033,0.03999999910593033,5400
2016-02-22,0.05000000074505806,0.05000000074505806,0.05000000074505806,0.05000000074505806,22650
2016-02-23,0.03999999910593033,0.03999999910593033,0.03999999910593033,0.03999999910593033,1500
2016-02-24,0.03999999910593033,0.04500000178813934,0.03999999910593033,0.04500000178813934,53599
2016-02-25,0.04500000178813934,0.04500000178813934,0.04500000178813934,0.04500000178813934,0
2016-02-26,0.05000000074505806,0.05000000074505806,0.04500000178813934,0.04500000178813934,101500
2016-02-29,0.04500000178813934,0.04500000178813934,0.04500000178813934,0.04500000178813934,0
2016-03-01,0.04500000178813934,0.04500000178813934,0.04500000178813934,0.04500000178813934,0
2016-03-02,0.05000000074505806,0.05000000074505806,0.04500000178813934,0.04500000178813934,22000
2016-03-03,0.04500000178813934,0.04500000178813934,0.04500000178813934,0.04500000178813934,0
2016-03-04,0.04500000178813934,0.04500000178813934,0.04500000178813934,0.04500000178813934,66550
2016-03-07,0.04500000178813934,0.04500000178813934,0.04500000178813934,0.04500000178813934,0
2016-03-08,0.04500000178813934,0.04500000178813934,0.04500000178813934,0.04500000178813934,0
2016-03-09,0.04500000178813934,0.04500000178813934,0.04500000178813934,0.04500000178813934,0
2016-03-10,0.03999999910593033,0.03999999910593033,0.03999999910593033,0.03999999910593033,5000
2016-03-11,0.03999999910593033,0.03999999910593033,0.03999999910593033,0.03999999910593033,0
2016-03-14,0.054999999701976776,0.054999999701976776,0.054999999701976776,0.054999999701976776,67000
2016-03-15,0.04500000178813934,0.04500000178813934,0.04500000178813934,0.04500000178813934,3000
2016-03-16,0.04500000178813934,0.04500000178813934,0.03999999910593033,0.03999999910593033,10000
2016-03-17,0.03999999910593033,0.03999999910593033,0.03999999910593033,0.03999999910593033,0
2016-03-18,0.03999999910593033,0.03999999910593033,0.03999999910593033,0.03999999910593033,0
2016-03-21,0.03999999910593033,0.03999999910593033,0.03999999910593033,0.03999999910593033,0
2016-03-22,0.03999999910593033,0.03999999910593033,0.03999999910593033,0.03999999910593033,0
2016-03-23,0.03999999910593033,0.03999999910593033,0.03999999910593033,0.03999999910593033,0
2016-03-24,0.03999999910593033,0.03999999910593033,0.03999999910593033,0.03999999910593033,3000
2016-03-28,0.03999999910593033,0.03999999910593033,0.03999999910593033,0.03999999910593033,0
2016-03-29,0.03999999910593033,0.03999999910593033,0.03999999910593033,0.03999999910593033,0
2016-03-30,0.03999999910593033,0.03999999910593033,0.03999999910593033,0.03999999910593033,0
2016-03-31,0.03999999910593033,0.03999999910593033,0.03999999910593033,0.03999999910593033,15000
2016-04-01,0.03500000014901161,0.03999999910593033,0.03500000014901161,0.03999999910593033,66166
2016-04-04,0.03999999910593033,0.03999999910593033,0.03999999910593033,0.03999999910593033,0
2016-04-05,0.03999999910593033,0.03999999910593033,0.03999999910593033,0.03999999910593033,0
2016-04-06,0.04500000178813934,0.04500000178813934,0.04500000178813934,0.04500000178813934,1000
2016-04-07,0.04500000178813934,0.04500000178813934,0.04500000178813934,0.04500000178813934,0
2016-04-08,0.03999999910593033,0.04500000178813934,0.03999999910593033,0.04500000178813934,15000
2016-04-11,0.04500000178813934,0.04500000178813934,0.04500000178813934,0.04500000178813934,0
2016-04-12,0.03999999910593033,0.03999999910593033,0.03999999910593033,0.03999999910593033,24000
2016-04-13,0.03500000014901161,0.03500000014901161,0.03500000014901161,0.03500000014901161,1725
2016-04-14,0.03500000014901161,0.03500000014901161,0.03500000014901161,0.03500000014901161,0
2016-04-15,0.03500000014901161,0.03500000014901161,0.03500000014901161,0.03500000014901161,9000
2016-04-18,0.029999999329447746,0.029999999329447746,0.029999999329447746,0.029999999329447746,4500
2016-04-19,0.03500000014901161,0.03500000014901161,0.03500000014901161,0.03500000014901161,10000
2016-04-20,0.03999999910593033,0.03999999910593033,0.03999999910593033,0.03999999910593033,10000
2016-04-21,0.03999999910593033,0.03999999910593033,0.03999999910593033,0.03999999910593033,0
2016-04-22,0.03500000014901161,0.03999999910593033,0.03500000014901161,0.03999999910593033,34070
2016-04-25,0.03999999910593033,0.04500000178813934,0.03999999910593033,0.04500000178813934,14000
2016-04-26,0.03999999910593033,0.03999999910593033,0.03999999910593033,0.03999999910593033,19800
2016-04-27,0.03999999910593033,0.04500000178813934,0.03999999910593033,0.04500000178813934,54000
2016-04-28,0.04500000178813934,0.04500000178813934,0.04500000178813934,0.04500000178813934,0
2016-04-29,0.04500000178813934,0.04500000178813934,0.04500000178813934,0.04500000178813934,0
2016-05-02,0.03999999910593033,0.03999999910593033,0.03999999910593033,0.03999999910593033,181047
2016-05-03,0.03999999910593033,0.03999999910593033,0.03999999910593033,0.03999999910593033,0
2016-05-04,0.03999999910593033,0.03999999910593033,0.03999999910593033,0.03999999910593033,0
2016-05-05,0.03999999910593033,0.03999999910593033,0.03999999910593033,0.03999999910593033,0
2016-05-06,0.03999999910593033,0.03999999910593033,0.03999999910593033,0.03999999910593033,0
2016-05-09,0.03999999910593033,0.03999999910593033,0.03999999910593033,0.03999999910593033,25000
2016-05-10,0.03999999910593033,0.03999999910593033,0.03999999910593033,0.03999999910593033,2000
2016-05-11,0.04500000178813934,0.04500000178813934,0.04500000178813934,0.04500000178813934,7000
2016-05-12,0.04500000178813934,0.04500000178813934,0.04500000178813934,0.04500000178813934,0
2016-05-13,0.04500000178813934,0.04500000178813934,0.04500000178813934,0.04500000178813934,238580
2016-05-16,0.04500000178813934,0.04500000178813934,0.04500000178813934,0.04500000178813934,0
2016-05-17,0.04500000178813934,0.04500000178813934,0.04500000178813934,0.04500000178813934,10000
2016-05-18,0.03999999910593033,0.03999999910593033,0.03999999910593033,0.03999999910593033,12000
2016-05-19,0.03999999910593033,0.03999999910593033,0.03999999910593033,0.03999999910593033,10000
2016-05-20,0.03999999910593033,0.03999999910593033,0.03999999910593033,0.03999999910593033,0
2016-05-23,0.03999999910593033,0.03999999910593033,0.03999999910593033,0.03999999910593033,0
2016-05-24,0.03999999910593033,0.03999999910593033,0.03999999910593033,0.03999999910593033,7000
2016-05-25,0.03999999910593033,0.03999999910593033,0.03999999910593033,0.03999999910593033,14000
2016-05-26,0.03999999910593033,0.03999999910593033,0.03999999910593033,0.03999999910593033,0
2016-05-27,0.03999999910593033,0.03999999910593033,0.03999999910593033,0.03999999910593033,0
2016-05-31,0.03999999910593033,0.03999999910593033,0.03999999910593033,0.03999999910593033,0
2016-06-01,0.03999999910593033,0.03999999910593033,0.03999999910593033,0.03999999910593033,0
2016-06-02,0.03999999910593033,0.03999999910593033,0.03999999910593033,0.03999999910593033,0
2016-06-03,0.03999999910593033,0.03999999910593033,0.03999999910593033,0.03999999910593033,10000
2016-06-06,0.03999999910593033,0.03999999910593033,0.03999999910593033,0.03999999910593033,0
2016-06-07,0.03999999910593033,0.03999999910593033,0.03999999910593033,0.03999999910593033,0
2016-06-08,0.03999999910593033,0.03999999910593033,0.03999999910593033,0.03999999910593033,0
2016-06-09,0.04500000178813934,0.04500000178813934,0.04500000178813934,0.04500000178813934,5000
2016-06-10,0.04500000178813934,0.04500000178813934,0.04500000178813934,0.04500000178813934,0
2016-06-13,0.04500000178813934,0.04500000178813934,0.04500000178813934,0.04500000178813934,6000
2016-06-14,0.04500000178813934,0.04500000178813934,0.04500000178813934,0.04500000178813934,0
2016-06-15,0.05000000074505806,0.05000000074505806,0.05000000074505806,0.05000000074505806,2000
2016-06-16,0.05000000074505806,0.05000000074505806,0.05000000074505806,0.05000000074505806,0
2016-06-17,0.04500000178813934,0.04500000178813934,0.04500000178813934,0.04500000178813934,8000
2016-06-20,0.04500000178813934,0.04500000178813934,0.04500000178813934,0.04500000178813934,0
2016-06-21,0.04500000178813934,0.04500000178813934,0.04500000178813934,0.04500000178813934,0
2016-06-22,0.04500000178813934,0.04500000178813934,0.04500000178813934,0.04500000178813934,3000
2016-06-23,0.04500000178813934,0.04500000178813934,0.04500000178813934,0.04500000178813934,3000
2016-06-24,0.04500000178813934,0.04500000178813934,0.04500000178813934,0.04500000178813934,0
2016-06-27,0.04500000178813934,0.04500000178813934,0.04500000178813934,0.04500000178813934,0
2016-06-28,0.04500000178813934,0.04500000178813934,0.04500000178813934,0.04500000178813934,0
2016-06-29,0.04500000178813934,0.04500000178813934,0.04500000178813934,0.04500000178813934,0
2016-06-30,0.04500000178813934,0.04500000178813934,0.04500000178813934,0.04500000178813934,0
2016-07-01,0.04500000178813934,0.04500000178813934,0.04500000178813934,0.04500000178813934,0
2016-07-05,0.03999999910593033,0.03999999910593033,0.03999999910593033,0.03999999910593033,20000
2016-07-06,0.03999999910593033,0.03999999910593033,0.03999999910593033,0.03999999910593033,16000
2016-07-07,0.04500000178813934,0.05999999865889549,0.04500000178813934,0.05999999865889549,11814
2016-07-08,0.04500000178813934,0.04500000178813934,0.03999999910593033,0.04500000178813934,31117
2016-07-11,0.03999999910593033,0.03999999910593033,0.03999999910593033,0.03999999910593033,3000
2016-07-12,0.04500000178813934,0.04500000178813934,0.04500000178813934,0.04500000178813934,2500
2016-07-13,0.04500000178813934,0.04500000178813934,0.04500000178813934,0.04500000178813934,0
2016-07-14,0.04500000178813934,0.04500000178813934,0.04500000178813934,0.04500000178813934,0
2016-07-15,0.04500000178813934,0.04500000178813934,0.04500000178813934,0.04500000178813934,0
2016-07-18,0.04500000178813934,0.04500000178813934,0.03999999910593033,0.03999999910593033,58000
2016-07-19,0.03999999910593033,0.03999999910593033,0.03999999910593033,0.03999999910593033,8000
2016-07-20,0.03999999910593033,0.03999999910593033,0.03999999910593033,0.03999999910593033,0
2016-07-21,0.03999999910593033,0.03999999910593033,0.03999999910593033,0.03999999910593033,0
2016-07-22,0.03999999910593033,0.03999999910593033,0.03999999910593033,0.03999999910593033,0
2016-07-25,0.03999999910593033,0.03999999910593033,0.03999999910593033,0.03999999910593033,0
2016-07-26,0.03999999910593033,0.03999999910593033,0.03999999910593033,0.03999999910593033,0
2016-07-27,0.05000000074505806,0.05000000074505806,0.05000000074505806,0.05000000074505806,21000
2016-07-28,0.05000000074505806,0.05000000074505806,0.05000000074505806,0.05000000074505806,16000
2016-07-29,0.05000000074505806,0.05000000074505806,0.05000000074505806,0.05000000074505806,0
2016-08-01,0.05000000074505806,0.05000000074505806,0.05000000074505806,0.05000000074505806,0
2016-08-02,0.05000000074505806,0.05000000074505806,0.05000000074505806,0.05000000074505806,9483
2016-08-03,0.04500000178813934,0.04500000178813934,0.04500000178813934,0.04500000178813934,47000
2016-08-04,0.04500000178813934,0.04500000178813934,0.04500000178813934,0.04500000178813934,0
2016-08-05,0.05999999865889549,0.05999999865889549,0.05999999865889549,0.05999999865889549,10000
2016-08-08,0.05999999865889549,0.05999999865889549,0.05999999865889549,0.05999999865889549,7200
2016-08-09,0.054999999701976776,0.054999999701976776,0.054999999701976776,0.054999999701976776,2000
2016-08-10,0.05999999865889549,0.05999999865889549,0.05999999865889549,0.05999999865889549,72000
2016-08-11,0.054999999701976776,0.054999999701976776,0.054999999701976776,0.054999999701976776,48650
2016-08-12,0.05000000074505806,0.05000000074505806,0.04500000178813934,0.04500000178813934,142000
2016-08-15,0.05000000074505806,0.054999999701976776,0.05000000074505806,0.054999999701976776,30000
2016-08-16,0.054999999701976776,0.054999999701976776,0.054999999701976776,0.054999999701976776,0
2016-08-17,0.054999999701976776,0.054999999701976776,0.054999999701976776,0.054999999701976776,0
2016-08-18,0.054999999701976776,0.054999999701976776,0.054999999701976776,0.054999999701976776,0
2016-08-19,0.05000000074505806,0.05000000074505806,0.05000000074505806,0.05000000074505806,25000
2016-08-22,0.05000000074505806,0.05000000074505806,0.05000000074505806,0.05000000074505806,0
2016-08-23,0.05000000074505806,0.05000000074505806,0.05000000074505806,0.05000000074505806,0
2016-08-24,0.05000000074505806,0.05000000074505806,0.04500000178813934,0.04500000178813934,63000
2016-08-25,0.04500000178813934,0.04500000178813934,0.04500000178813934,0.04500000178813934,51000
2016-08-26,0.04500000178813934,0.04500000178813934,0.04500000178813934,0.04500000178813934,0
2016-08-29,0.04500000178813934,0.04500000178813934,0.04500000178813934,0.04500000178813934,0
2016-08-30,0.03999999910593033,0.03999999910593033,0.03999999910593033,0.03999999910593033,105000
2016-08-31,0.03999999910593033,0.03999999910593033,0.03999999910593033,0.03999999910593033,0
2016-09-01,0.03999999910593033,0.03999999910593033,0.03999999910593033,0.03999999910593033,0
2016-09-02,0.03999999910593033,0.03999999910593033,0.03999999910593033,0.03999999910593033,0
2016-09-06,0.03999999910593033,0.03999999910593033,0.03999999910593033,0.03999999910593033,50000
2016-09-07,0.03999999910593033,0.03999999910593033,0.03999999910593033,0.03999999910593033,7850
2016-09-08,0.05000000074505806,0.054999999701976776,0.05000000074505806,0.054999999701976776,69000
2016-09-09,0.05000000074505806,0.05000000074505806,0.05000000074505806,0.05000000074505806,16400
2016-09-12,0.05000000074505806,0.05000000074505806,0.05000000074505806,0.05000000074505806,0
2016-09-13,0.05000000074505806,0.05000000074505806,0.05000000074505806,0.05000000074505806,0
2016-09-14,0.05000000074505806,0.05000000074505806,0.05000000074505806,0.05000000074505806,0
2016-09-15,0.05000000074505806,0.05000000074505806,0.05000000074505806,0.05000000074505806,0
2016-09-16,0.05000000074505806,0.05000000074505806,0.05000000074505806,0.05000000074505806,0
2016-09-19,0.05000000074505806,0.05000000074505806,0.05000000074505806,0.05000000074505806,0
2016-09-20,0.05000000074505806,0.05000000074505806,0.05000000074505806,0.05000000074505806,0
2016-09-21,0.05000000074505806,0.05000000074505806,0.05000000074505806,0.05000000074505806,0
2016-09-22,0.05000000074505806,0.05000000074505806,0.05000000074505806,0.05000000074505806,0
2016-09-23,0.05000000074505806,0.05000000074505806,0.05000000074505806,0.05000000074505806,0
2016-09-26,0.04500000178813934,0.04500000178813934,0.04500000178813934,0.04500000178813934,1200
2016-09-27,0.04500000178813934,0.04500000178813934,0.04500000178813934,0.04500000178813934,0
2016-09-28,0.04500000178813934,0.04500000178813934,0.04500000178813934,0.04500000178813934,10000
2016-09-29,0.04500000178813934,0.04500000178813934,0.04500000178813934,0.04500000178813934,0
2016-09-30,0.04500000178813934,0.04500000178813934,0.04500000178813934,0.04500000178813934,0
2016-10-03,0.04500000178813934,0.04500000178813934,0.04500000178813934,0.04500000178813934,0
2016-10-04,0.04500000178813934,0.04500000178813934,0.04500000178813934,0.04500000178813934,0
2016-10-05,0.04500000178813934,0.04500000178813934,0.04500000178813934,0.04500000178813934,0
2016-10-06,0.03500000014901161,0.03500000014901161,0.03500000014901161,0.03500000014901161,2835
2016-10-07,0.03500000014901161,0.03500000014901161,0.03500000014901161,0.03500000014901161,0
2016-10-10,0.03500000014901161,0.03500000014901161,0.03500000014901161,0.03500000014901161,0
2016-10-11,0.03500000014901161,0.03500000014901161,0.03500000014901161,0.03500000014901161,0
2016-10-12,0.03500000014901161,0.03500000014901161,0.03500000014901161,0.03500000014901161,0
2016-10-13,0.03500000014901161,0.03500000014901161,0.03500000014901161,0.03500000014901161,0
2016-10-14,0.02500000037252903,0.029999999329447746,0.02500000037252903,0.029999999329447746,11000
2016-10-17,0.029999999329447746,0.029999999329447746,0.029999999329447746,0.029999999329447746,0
2016-10-18,0.029999999329447746,0.029999999329447746,0.029999999329447746,0.029999999329447746,0
2016-10-19,0.029999999329447746,0.029999999329447746,0.029999999329447746,0.029999999329447746,20000
2016-10-20,0.04500000178813934,0.04500000178813934,0.04500000178813934,0.04500000178813934,15000
2016-10-21,0.05000000074505806,0.054999999701976776,0.05000000074505806,0.054999999701976776,21000
2016-10-24,0.054999999701976776,0.054999999701976776,0.054999999701976776,0.054999999701976776,81000
2016-10-25,0.054999999701976776,0.054999999701976776,0.054999999701976776,0.054999999701976776,0
2016-10-26,0.054999999701976776,0.054999999701976776,0.054999999701976776,0.054999999701976776,0
2016-10-27,0.054999999701976776,0.054999999701976776,0.054999999701976776,0.054999999701976776,0
2016-10-28,0.054999999701976776,0.054999999701976776,0.054999999701976776,0.054999999701976776,0
2016-10-31,0.054999999701976776,0.054999999701976776,0.054999999701976776,0.054999999701976776,0
2016-11-01,0.054999999701976776,0.054999999701976776,0.054999999701976776,0.054999999701976776,0
2016-11-02,0.04500000178813934,0.04500000178813934,0.04500000178813934,0.04500000178813934,3000
2016-11-03,0.04500000178813934,0.04500000178813934,0.04500000178813934,0.04500000178813934,0
2016-11-04,0.04500000178813934,0.04500000178813934,0.04500000178813934,0.04500000178813934,0
2016-11-07,0.04500000178813934,0.04500000178813934,0.04500000178813934,0.04500000178813934,0
2016-11-08,0.04500000178813934,0.04500000178813934,0.04500000178813934,0.04500000178813934,0
2016-11-09,0.04500000178813934,0.04500000178813934,0.04500000178813934,0.04500000178813934,0
2016-11-10,0.04500000178813934,0.04500000178813934,0.04500000178813934,0.04500000178813934,5000
2016-11-11,0.04500000178813934,0.04500000178813934,0.04500000178813934,0.04500000178813934,0
2016-11-14,0.04500000178813934,0.04500000178813934,0.04500000178813934,0.04500000178813934,0
2016-11-15,0.03500000014901161,0.03500000014901161,0.029999999329447746,0.029999999329447746,18000
2016-11-16,0.03999999910593033,0.03999999910593033,0.03500000014901161,0.03500000014901161,20000
2016-11-17,0.03500000014901161,0.03500000014901161,0.03500000014901161,0.03500000014901161,0
2016-11-18,0.03500000014901161,0.03500000014901161,0.03500000014901161,0.03500000014901161,0
2016-11-21,0.029999999329447746,0.04500000178813934,0.029999999329447746,0.04500000178813934,22000
2016-11-22,0.054999999701976776,0.054999999701976776,0.05000000074505806,0.05000000074505806,99291
2016-11-23,0.05999999865889549,0.06499999761581421,0.05999999865889549,0.05999999865889549,84000
2016-11-25,0.05999999865889549,0.05999999865889549,0.05999999865889549,0.05999999865889549,0
2016-11-28,0.054999999701976776,0.054999999701976776,0.054999999701976776,0.054999999701976776,4000
2016-11-29,0.054999999701976776,0.054999999701976776,0.054999999701976776,0.054999999701976776,0
2016-11-30,0.054999999701976776,0.054999999701976776,0.054999999701976776,0.054999999701976776,0
2016-12-01,0.054999999701976776,0.054999999701976776,0.054999999701976776,0.054999999701976776,0
2016-12-02,0.054999999701976776,0.054999999701976776,0.054999999701976776,0.054999999701976776,0
2016-12-05,0.03999999910593033,0.03999999910593033,0.03999999910593033,0.03999999910593033,6000
2016-12-06,0.03999999910593033,0.03999999910593033,0.03999999910593033,0.03999999910593033,10000
2016-12-07,0.03999999910593033,0.03999999910593033,0.03999999910593033,0.03999999910593033,2000
2016-12-08,0.03500000014901161,0.03500000014901161,0.03500000014901161,0.03500000014901161,15000
2016-12-09,0.03500000014901161,0.03500000014901161,0.03500000014901161,0.03500000014901161,0
2016-12-12,0.03500000014901161,0.03500000014901161,0.03500000014901161,0.03500000014901161,0
2016-12-13,0.03999999910593033,0.03999999910593033,0.03999999910593033,0.03999999910593033,10000
2016-12-14,0.03500000014901161,0.03500000014901161,0.03500000014901161,0.03500000014901161,48700
2016-12-15,0.03500000014901161,0.03500000014901161,0.03500000014901161,0.03500000014901161,3900
2016-12-16,0.03500000014901161,0.03999999910593033,0.03500000014901161,0.03999999910593033,28000
2016-12-19,0.03500000014901161,0.03500000014901161,0.03500000014901161,0.03500000014901161,4000
2016-12-20,0.03500000014901161,0.03500000014901161,0.03500000014901161,0.03500000014901161,0
2016-12-21,0.03500000014901161,0.03500000014901161,0.03500000014901161,0.03500000014901161,22200
2016-12-22,0.03500000014901161,0.03500000014901161,0.03500000014901161,0.03500000014901161,80000
2016-12-23,0.03500000014901161,0.03500000014901161,0.03500000014901161,0.03500000014901161,5000
2016-12-27,0.03500000014901161,0.03500000014901161,0.03500000014901161,0.03500000014901161,0
2016-12-28,0.03500000014901161,0.03500000014901161,0.03500000014901161,0.03500000014901161,92140
2016-12-29,0.03500000014901161,0.03500000014901161,0.03500000014901161,0.03500000014901161,0
2016-12-30,0.03999999910593033,0.03999999910593033,0.03500000014901161,0.03500000014901161,31000
2017-01-03,0.04500000178813934,0.05000000074505806,0.04500000178813934,0.04500000178813934,109000
2017-01-04,0.04500000178813934,0.04500000178813934,0.04500000178813934,0.04500000178813934,0
2017-01-05,0.04500000178813934,0.04500000178813934,0.04500000178813934,0.04500000178813934,0
2017-01-06,0.04500000178813934,0.04500000178813934,0.04500000178813934,0.04500000178813934,0
2017-01-09,0.04500000178813934,0.04500000178813934,0.04500000178813934,0.04500000178813934,0
2017-01-10,0.04500000178813934,0.04500000178813934,0.04500000178813934,0.04500000178813934,0
2017-01-11,0.04500000178813934,0.04500000178813934,0.04500000178813934,0.04500000178813934,0
2017-01-12,0.04500000178813934,0.04500000178813934,0.04500000178813934,0.04500000178813934,0
2017-01-13,0.04500000178813934,0.04500000178813934,0.04500000178813934,0.04500000178813934,0
2017-01-17,0.04500000178813934,0.04500000178813934,0.03999999910593033,0.03999999910593033,106300
2017-01-18,0.04500000178813934,0.04500000178813934,0.04500000178813934,0.04500000178813934,10000
2017-01-19,0.04500000178813934,0.04500000178813934,0.04500000178813934,0.04500000178813934,90000
2017-01-20,0.04500000178813934,0.04500000178813934,0.04500000178813934,0.04500000178813934,0
2017-01-23,0.05000000074505806,0.05000000074505806,0.05000000074505806,0.05000000074505806,20000
2017-01-24,0.05000000074505806,0.05000000074505806,0.05000000074505806,0.05000000074505806,0
2017-01-25,0.054999999701976776,0.054999999701976776,0.04500000178813934,0.04500000178813934,70000
2017-01-26,0.04500000178813934,0.04500000178813934,0.04500000178813934,0.04500000178813934,16000
2017-01-27,0.03999999910593033,0.05999999865889549,0.03999999910593033,0.05999999865889549,51250
2017-01-30,0.05999999865889549,0.05999999865889549,0.05999999865889549,0.05999999865889549,0
2017-01-31,0.05999999865889549,0.05999999865889549,0.05999999865889549,0.05999999865889549,0
2017-02-01,0.05999999865889549,0.05999999865889549,0.05999999865889549,0.05999999865889549,6500
2017-02-02,0.05999999865889549,0.05999999865889549,0.05999999865889549,0.05999999865889549,0
2017-02-03,0.05999999865889549,0.05999999865889549,0.05999999865889549,0.05999999865889549,0
2017-02-06,0.05000000074505806,0.05000000074505806,0.05000000074505806,0.05000000074505806,8500
2017-02-07,0.05000000074505806,0.05000000074505806,0.05000000074505806,0.05000000074505806,0
2017-02-08,0.04500000178813934,0.05000000074505806,0.04500000178813934,0.05000000074505806,21000
2017-02-09,0.05000000074505806,0.05000000074505806,0.05000000074505806,0.05000000074505806,0
2017-02-10,0.05000000074505806,0.05000000074505806,0.05000000074505806,0.05000000074505806,34000
2017-02-13,0.054999999701976776,0.054999999701976776,0.054999999701976776,0.054999999701976776,8000
2017-02-14,0.054999999701976776,0.054999999701976776,0.054999999701976776,0.054999999701976776,0
2017-02-15,0.05000000074505806,0.05000000074505806,0.05000000074505806,0.05000000074505806,8000
2017-02-16,0.05000000074505806,0.05000000074505806,0.05000000074505806,0.05000000074505806,0
2017-02-17,0.04500000178813934,0.04500000178813934,0.04500000178813934,0.04500000178813934,32000
2017-02-21,0.03999999910593033,0.03999999910593033,0.03999999910593033,0.03999999910593033,2000
2017-02-22,0.05000000074505806,0.05000000074505806,0.05000000074505806,0.05000000074505806,9000
2017-02-23,0.054999999701976776,0.054999999701976776,0.054999999701976776,0.054999999701976776,1000
2017-02-24,0.054999999701976776,0.054999999701976776,0.054999999701976776,0.054999999701976776,7000
2017-02-27,0.03999999910593033,0.04500000178813934,0.03999999910593033,0.04500000178813934,42000
2017-02-28,0.04500000178813934,0.04500000178813934,0.04500000178813934,0.04500000178813934,0
2017-03-01,0.04500000178813934,0.04500000178813934,0.04500000178813934,0.04500000178813934,0
2017-03-02,0.04500000178813934,0.04500000178813934,0.04500000178813934,0.04500000178813934,0
2017-03-03,0.04500000178813934,0.04500000178813934,0.04500000178813934,0.04500000178813934,0
2017-03-06,0.04500000178813934,0.05000000074505806,0.04500000178813934,0.05000000074505806,26000
2017-03-07,0.05000000074505806,0.05000000074505806,0.05000000074505806,0.05000000074505806,0
2017-03-08,0.05000000074505806,0.05000000074505806,0.05000000074505806,0.05000000074505806,0
2017-03-09,0.05000000074505806,0.05000000074505806,0.05000000074505806,0.05000000074505806,0
2017-03-10,0.04500000178813934,0.04500000178813934,0.04500000178813934,0.04500000178813934,25000
2017-03-13,0.04500000178813934,0.04500000178813934,0.04500000178813934,0.04500000178813934,7000
2017-03-14,0.04500000178813934,0.04500000178813934,0.04500000178813934,0.04500000178813934,0
2017-03-15,0.03999999910593033,0.03999999910593033,0.03999999910593033,0.03999999910593033,3000
2017-03-16,0.03999999910593033,0.03999999910593033,0.03999999910593033,0.03999999910593033,0
2017-03-17,0.03999999910593033,0.03999999910593033,0.03999999910593033,0.03999999910593033,0
2017-03-20,0.03999999910593033,0.04500000178813934,0.03999999910593033,0.04500000178813934,54000
2017-03-21,0.04500000178813934,0.04500000178813934,0.04500000178813934,0.04500000178813934,0
2017-03-22,0.04500000178813934,0.04500000178813934,0.04500000178813934,0.04500000178813934,0
2017-03-23,0.04500000178813934,0.04500000178813934,0.04500000178813934,0.04500000178813934,0
2017-03-24,0.03999999910593033,0.03999999910593033,0.03999999910593033,0.03999999910593033,5000
2017-03-27,0.03999999910593033,0.03999999910593033,0.03999999910593033,0.03999999910593033,0
2017-03-28,0.03999999910593033,0.03999999910593033,0.03999999910593033,0.03999999910593033,0
2017-03-29,0.03999999910593033,0.03999999910593033,0.03999999910593033,0.03999999910593033,0
2017-03-30,0.03999999910593033,0.03999999910593033,0.03999999910593033,0.03999999910593033,10000
2017-03-31,0.03999999910593033,0.03999999910593033,0.03999999910593033,0.03999999910593033,0
2017-04-03,0.03999999910593033,0.03999999910593033,0.03999999910593033,0.03999999910593033,24000
2017-04-04,0.03999999910593033,0.03999999910593033,0.03999999910593033,0.03999999910593033,0
2017-04-05,0.03999999910593033,0.03999999910593033,0.03999999910593033,0.03999999910593033,0
2017-04-06,0.03999999910593033,0.03999999910593033,0.03999999910593033,0.03999999910593033,0
2017-04-07,0.03999999910593033,0.03999999910593033,0.03999999910593033,0.03999999910593033,0
2017-04-10,0.03999999910593033,0.03999999910593033,0.03999999910593033,0.03999999910593033,0
2017-04-11,0.03999999910593033,0.03999999910593033,0.03999999910593033,0.03999999910593033,2000
2017-04-12,0.03999999910593033,0.03999999910593033,0.03999999910593033,0.03999999910593033,0
2017-04-13,0.03999999910593033,0.03999999910593033,0.03999999910593033,0.03999999910593033,0
2017-04-17,0.03999999910593033,0.03999999910593033,0.03999999910593033,0.03999999910593033,0
2017-04-18,0.04500000178813934,0.05000000074505806,0.04500000178813934,0.05000000074505806,30000
2017-04-19,0.05000000074505806,0.05000000074505806,0.05000000074505806,0.05000000074505806,0
2017-04-20,0.05000000074505806,0.05000000074505806,0.05000000074505806,0.05000000074505806,0
2017-04-21,0.05000000074505806,0.05000000074505806,0.05000000074505806,0.05000000074505806,0
2017-04-24,0.05000000074505806,0.05000000074505806,0.05000000074505806,0.05000000074505806,0
2017-04-25,0.05000000074505806,0.05000000074505806,0.05000000074505806,0.05000000074505806,0
2017-04-26,0.05000000074505806,0.05000000074505806,0.05000000074505806,0.05000000074505806,0
2017-04-27,0.03999999910593033,0.05000000074505806,0.03999999910593033,0.05000000074505806,33000
2017-04-28,0.05000000074505806,0.05000000074505806,0.05000000074505806,0.05000000074505806,0
2017-05-01,0.05000000074505806,0.05000000074505806,0.05000000074505806,0.05000000074505806,0
2017-05-02,0.05000000074505806,0.05000000074505806,0.05000000074505806,0.05000000074505806,0
2017-05-03,0.05000000074505806,0.05000000074505806,0.03999999910593033,0.03999999910593033,6000
2017-05-04,0.03999999910593033,0.03999999910593033,0.03999999910593033,0.03999999910593033,5000
2017-05-05,0.03999999910593033,0.03999999910593033,0.03999999910593033,0.03999999910593033,15000
2017-05-08,0.03999999910593033,0.03999999910593033,0.03500000014901161,0.03500000014901161,54000
2017-05-09,0.03500000014901161,0.03500000014901161,0.03500000014901161,0.03500000014901161,0
2017-05-10,0.03500000014901161,0.03500000014901161,0.03500000014901161,0.03500000014901161,0
2017-05-11,0.03500000014901161,0.03500000014901161,0.03500000014901161,0.03500000014901161,0
2017-05-12,0.04500000178813934,0.04500000178813934,0.04500000178813934,0.04500000178813934,2000
2017-05-15,0.04500000178813934,0.04500000178813934,0.04500000178813934,0.04500000178813934,0
2017-05-16,0.04500000178813934,0.04500000178813934,0.04500000178813934,0.04500000178813934,0
2017-05-17,0.04500000178813934,0.04500000178813934,0.04500000178813934,0.04500000178813934,0
2017-05-18,0.04500000178813934,0.04500000178813934,0.04500000178813934,0.04500000178813934,0
2017-05-19,0.03999999910593033,0.03999999910593033,0.03500000014901161,0.03500000014901161,10000
2017-05-22,0.03500000014901161,0.03500000014901161,0.03500000014901161,0.03500000014901161,0
2017-05-23,0.03500000014901161,0.03500000014901161,0.03500000014901161,0.03500000014901161,0
2017-05-24,0.03500000014901161,0.03500000014901161,0.03500000014901161,0.03500000014901161,0
2017-05-25,0.03500000014901161,0.03500000014901161,0.03500000014901161,0.03500000014901161,0
2017-05-26,0.03500000014901161,0.03500000014901161,0.03500000014901161,0.03500000014901161,0
2017-05-30,0.03500000014901161,0.03500000014901161,0.03500000014901161,0.03500000014901161,76000
2017-05-31,0.03500000014901161,0.03500000014901161,0.03500000014901161,0.03500000014901161,8000
2017-06-01,0.03500000014901161,0.03500000014901161,0.03500000014901161,0.03500000014901161,0
2017-06-02,0.03500000014901161,0.03500000014901161,0.03500000014901161,0.03500000014901161,0
2017-06-05,0.03500000014901161,0.03500000014901161,0.03500000014901161,0.03500000014901161,0
2017-06-06,0.03500000014901161,0.03500000014901161,0.03500000014901161,0.03500000014901161,0
2017-06-07,0.03999999910593033,0.03999999910593033,0.03999999910593033,0.03999999910593033,300000
2017-06-08,0.03500000014901161,0.03999999910593033,0.03500000014901161,0.03999999910593033,293000
2017-06-09,0.03999999910593033,0.03999999910593033,0.03999999910593033,0.03999999910593033,0
2017-06-12,0.03999999910593033,0.03999999910593033,0.03999999910593033,0.03999999910593033,0
2017-06-13,0.03999999910593033,0.03999999910593033,0.03999999910593033,0.03999999910593033,0
2017-06-14,0.03999999910593033,0.03999999910593033,0.03999999910593033,0.03999999910593033,0
2017-06-15,0.03999999910593033,0.03999999910593033,0.03999999910593033,0.03999999910593033,0
2017-06-16,0.03999999910593033,0.03999999910593033,0.03999999910593033,0.03999999910593033,0
2017-06-19,0.03500000014901161,0.03500000014901161,0.03500000014901161,0.03500000014901161,10000
2017-06-20,0.03999999910593033,0.03999999910593033,0.03999999910593033,0.03999999910593033,607000
2017-06-21,0.03999999910593033,0.03999999910593033,0.03999999910593033,0.03999999910593033,0
2017-06-22,0.04500000178813934,0.04500000178813934,0.04500000178813934,0.04500000178813934,10000
2017-06-23,0.04500000178813934,0.04500000178813934,0.04500000178813934,0.04500000178813934,0
2017-06-26,0.03500000014901161,0.03500000014901161,0.03500000014901161,0.03500000014901161,3000
2017-06-27,0.03500000014901161,0.03500000014901161,0.03500000014901161,0.03500000014901161,0
2017-06-28,0.03500000014901161,0.03500000014901161,0.03500000014901161,0.03500000014901161,30000
2017-06-29,0.03500000014901161,0.03500000014901161,0.03500000014901161,0.03500000014901161,351134
2017-06-30,0.03999999910593033,0.04500000178813934,0.029999999329447746,0.029999999329447746,263841
2017-07-03,0.029999999329447746,0.029999999329447746,0.029999999329447746,0.029999999329447746,0
2017-07-05,0.029999999329447746,0.029999999329447746,0.029999999329447746,0.029999999329447746,0
2017-07-06,0.029999999329447746,0.029999999329447746,0.029999999329447746,0.029999999329447746,0
2017-07-07,0.029999999329447746,0.029999999329447746,0.029999999329447746,0.029999999329447746,0
2017-07-10,0.029999999329447746,0.029999999329447746,0.029999999329447746,0.029999999329447746,0
2017-07-11,0.03999999910593033,0.03999999910593033,0.03999999910593033,0.03999999910593033,2000
2017-07-12,0.03500000014901161,0.03500000014901161,0.029999999329447746,0.03500000014901161,16250
2017-07-13,0.03500000014901161,0.03500000014901161,0.03500000014901161,0.03500000014901161,0
2017-07-14,0.03500000014901161,0.03500000014901161,0.03500000014901161,0.03500000014901161,0
2017-07-17,0.029999999329447746,0.03500000014901161,0.029999999329447746,0.03500000014901161,7500
2017-07-18,0.03500000014901161,0.03500000014901161,0.03500000014901161,0.03500000014901161,0
2017-07-19,0.03500000014901161,0.03500000014901161,0.03500000014901161,0.03500000014901161,0
2017-07-20,0.03500000014901161,0.03500000014901161,0.03500000014901161,0.03500000014901161,0
2017-07-21,0.03500000014901161,0.03500000014901161,0.03500000014901161,0.03500000014901161,0
2017-07-24,0.03999999910593033,0.03999999910593033,0.03999999910593033,0.03999999910593033,249000
2017-07-25,0.03999999910593033,0.03999999910593033,0.03999999910593033,0.03999999910593033,0
2017-07-26,0.03999999910593033,0.03999999910593033,0.03999999910593033,0.03999999910593033,302500
2017-07-27,0.03999999910593033,0.03999999910593033,0.03999999910593033,0.03999999910593033,0
2017-07-28,0.03999999910593033,0.03999999910593033,0.03999999910593033,0.03999999910593033,0
2017-07-31,0.03999999910593033,0.03999999910593033,0.03999999910593033,0.03999999910593033,0
2017-08-01,0.03999999910593033,0.03999999910593033,0.03999999910593033,0.03999999910593033,150000
2017-08-02,0.03500000014901161,0.03500000014901161,0.03500000014901161,0.03500000014901161,91000
2017-08-03,0.03500000014901161,0.03500000014901161,0.03500000014901161,0.03500000014901161,0
2017-08-04,0.03500000014901161,0.03500000014901161,0.03500000014901161,0.03500000014901161,0
2017-08-07,0.03500000014901161,0.03500000014901161,0.03500000014901161,0.03500000014901161,0
2017-08-08,0.029999999329447746,0.029999999329447746,0.029999999329447746,0.029999999329447746,12000
2017-08-09,0.029999999329447746,0.029999999329447746,0.029999999329447746,0.029999999329447746,293500
2017-08-10,0.029999999329447746,0.029999999329447746,0.029999999329447746,0.029999999329447746,0
2017-08-11,0.03500000014901161,0.03500000014901161,0.03500000014901161,0.03500000014901161,2857
2017-08-14,0.029999999329447746,0.029999999329447746,0.029999999329447746,0.029999999329447746,184000
2017-08-15,0.029999999329447746,0.029999999329447746,0.029999999329447746,0.029999999329447746,15000
2017-08-16,0.029999999329447746,0.029999999329447746,0.029999999329447746,0.029999999329447746,0
2017-08-17,0.029999999329447746,0.029999999329447746,0.029999999329447746,0.029999999329447746,0
2017-08-18,0.029999999329447746,0.029999999329447746,0.029999999329447746,0.029999999329447746,9000
2017-08-21,0.029999999329447746,0.029999999329447746,0.029999999329447746,0.029999999329447746,0
2017-08-22,0.029999999329447746,0.029999999329447746,0.029999999329447746,0.029999999329447746,9000
2017-08-23,0.029999999329447746,0.029999999329447746,0.029999999329447746,0.029999999329447746,3000
2017-08-24,0.029999999329447746,0.029999999329447746,0.029999999329447746,0.029999999329447746,12000
2017-08-25,0.029999999329447746,0.029999999329447746,0.029999999329447746,0.029999999329447746,19000
2017-08-28,0.029999999329447746,0.029999999329447746,0.029999999329447746,0.029999999329447746,302000
2017-08-29,0.029999999329447746,0.029999999329447746,0.029999999329447746,0.029999999329447746,0
2017-08-30,0.029999999329447746,0.029999999329447746,0.029999999329447746,0.029999999329447746,0
2017-08-31,0.029999999329447746,0.029999999329447746,0.029999999329447746,0.029999999329447746,0
2017-09-01,0.029999999329447746,0.029999999329447746,0.029999999329447746,0.029999999329447746,0
2017-09-05,0.029999999329447746,0.029999999329447746,0.029999999329447746,0.029999999329447746,30200
2017-09-06,0.029999999329447746,0.029999999329447746,0.029999999329447746,0.029999999329447746,0
2017-09-07,0.029999999329447746,0.029999999329447746,0.029999999329447746,0.029999999329447746,0
2017-09-08,0.03500000014901161,0.03500000014901161,0.03500000014901161,0.03500000014901161,351000
2017-09-11,0.03500000014901161,0.03500000014901161,0.03500000014901161,0.03500000014901161,0
2017-09-12,0.03500000014901161,0.03500000014901161,0.03500000014901161,0.03500000014901161,0
2017-09-13,0.029999999329447746,0.029999999329447746,0.029999999329447746,0.029999999329447746,35000
2017-09-14,0.029999999329447746,0.029999999329447746,0.02500000037252903,0.029999999329447746,83689
2017-09-15,0.029999999329447746,0.029999999329447746,0.02500000037252903,0.02500000037252903,65000
2017-09-18,0.029999999329447746,0.029999999329447746,0.029999999329447746,0.029999999329447746,20772
2017-09-19,0.02500000037252903,0.02500000037252903,0.02500000037252903,0.02500000037252903,15000
2017-09-20,0.02500000037252903,0.02500000037252903,0.02500000037252903,0.02500000037252903,2000
2017-09-21,0.02500000037252903,0.02500000037252903,0.02500000037252903,0.02500000037252903,0
2017-09-22,0.02500000037252903,0.02500000037252903,0.02500000037252903,0.02500000037252903,9000
2017-09-25,0.029999999329447746,0.029999999329447746,0.029999999329447746,0.029999999329447746,1000
2017-09-26,0.02500000037252903,0.02500000037252903,0.02500000037252903,0.02500000037252903,1300
2017-09-27,0.02500000037252903,0.02500000037252903,0.02500000037252903,0.02500000037252903,0
2017-09-28,0.02500000037252903,0.02500000037252903,0.02500000037252903,0.02500000037252903,0
2017-09-29,0.02500000037252903,0.02500000037252903,0.02500000037252903,0.02500000037252903,0
2017-10-02,0.02500000037252903,0.02500000037252903,0.02500000037252903,0.02500000037252903,0
2017-10-03,0.02500000037252903,0.02500000037252903,0.02500000037252903,0.02500000037252903,0
2017-10-04,0.02500000037252903,0.02500000037252903,0.02500000037252903,0.02500000037252903,0
2017-10-05,0.029999999329447746,0.029999999329447746,0.029999999329447746,0.029999999329447746,74000
2017-10-06,0.029999999329447746,0.029999999329447746,0.029999999329447746,0.029999999329447746,0
2017-10-09,0.029999999329447746,0.029999999329447746,0.029999999329447746,0.029999999329447746,0
2017-10-10,0.029999999329447746,0.029999999329447746,0.029999999329447746,0.029999999329447746,0
2017-10-11,0.02500000037252903,0.02500000037252903,0.02500000037252903,0.02500000037252903,6000
2017-10-12,0.02500000037252903,0.02500000037252903,0.02500000037252903,0.02500000037252903,1800
2017-10-13,0.02500000037252903,0.02500000037252903,0.02500000037252903,0.02500000037252903,0
2017-10-16,0.02500000037252903,0.02500000037252903,0.02500000037252903,0.02500000037252903,2300
2017-10-17,0.02500000037252903,0.02500000037252903,0.02500000037252903,0.02500000037252903,0
2017-10-18,0.02500000037252903,0.02500000037252903,0.02500000037252903,0.02500000037252903,0
2017-10-19,0.02500000037252903,0.02500000037252903,0.02500000037252903,0.02500000037252903,0
2017-10-20,0.02500000037252903,0.02500000037252903,0.02500000037252903,0.02500000037252903,0
2017-10-23,0.02500000037252903,0.02500000037252903,0.02500000037252903,0.02500000037252903,4000
2017-10-24,0.02500000037252903,0.02500000037252903,0.02500000037252903,0.02500000037252903,0
2017-10-25,0.02500000037252903,0.02500000037252903,0.02500000037252903,0.02500000037252903,0
2017-10-26,0.02500000037252903,0.02500000037252903,0.02500000037252903,0.02500000037252903,0
2017-10-27,0.02500000037252903,0.02500000037252903,0.02500000037252903,0.02500000037252903,0
2017-10-30,0.02500000037252903,0.02500000037252903,0.02500000037252903,0.02500000037252903,2000
2017-10-31,0.02500000037252903,0.02500000037252903,0.02500000037252903,0.02500000037252903,0
2017-11-01,0.02500000037252903,0.02500000037252903,0.02500000037252903,0.02500000037252903,8900
2017-11-02,0.02500000037252903,0.02500000037252903,0.02500000037252903,0.02500000037252903,11000
2017-11-03,0.02500000037252903,0.02500000037252903,0.02500000037252903,0.02500000037252903,0
2017-11-06,0.02500000037252903,0.02500000037252903,0.02500000037252903,0.02500000037252903,0
2017-11-07,0.02500000037252903,0.02500000037252903,0.02500000037252903,0.02500000037252903,0
2017-11-08,0.02500000037252903,0.02500000037252903,0.02500000037252903,0.02500000037252903,20000
2017-11-09,0.02500000037252903,0.02500000037252903,0.02500000037252903,0.02500000037252903,0
2017-11-10,0.02500000037252903,0.02500000037252903,0.02500000037252903,0.02500000037252903,0
2017-11-13,0.02500000037252903,0.02500000037252903,0.02500000037252903,0.02500000037252903,29000
2017-11-14,0.02500000037252903,0.02500000037252903,0.02500000037252903,0.02500000037252903,0
2017-11-15,0.02500000037252903,0.02500000037252903,0.02500000037252903,0.02500000037252903,0
2017-11-16,0.02500000037252903,0.02500000037252903,0.02500000037252903,0.02500000037252903,0
2017-11-17,0.02500000037252903,0.029999999329447746,0.02500000037252903,0.029999999329447746,20000
2017-11-20,0.029999999329447746,0.029999999329447746,0.029999999329447746,0.029999999329447746,0
2017-11-21,0.029999999329447746,0.029999999329447746,0.029999999329447746,0.029999999329447746,0
2017-11-22,0.029999999329447746,0.029999999329447746,0.029999999329447746,0.029999999329447746,0
2017-11-24,0.02500000037252903,0.02500000037252903,0.02500000037252903,0.02500000037252903,1500
2017-11-27,0.02500000037252903,0.02500000037252903,0.02500000037252903,0.02500000037252903,0
2017-11-28,0.02500000037252903,0.02500000037252903,0.02500000037252903,0.02500000037252903,0
2017-11-29,0.02500000037252903,0.02500000037252903,0.02500000037252903,0.02500000037252903,0
2017-11-30,0.02500000037252903,0.02500000037252903,0.02500000037252903,0.02500000037252903,11000
2017-12-01,0.02500000037252903,0.029999999329447746,0.02500000037252903,0.029999999329447746,94000
2017-12-04,0.029999999329447746,0.029999999329447746,0.029999999329447746,0.029999999329447746,0
2017-12-05,0.029999999329447746,0.029999999329447746,0.029999999329447746,0.029999999329447746,0
2017-12-06,0.029999999329447746,0.029999999329447746,0.029999999329447746,0.029999999329447746,0
2017-12-07,0.029999999329447746,0.029999999329447746,0.029999999329447746,0.029999999329447746,0
2017-12-08,0.029999999329447746,0.029999999329447746,0.02500000037252903,0.02500000037252903,202000
2017-12-11,0.02500000037252903,0.02500000037252903,0.02500000037252903,0.02500000037252903,0
2017-12-12,0.02500000037252903,0.02500000037252903,0.02500000037252903,0.02500000037252903,0
2017-12-13,0.02500000037252903,0.02500000037252903,0.02500000037252903,0.02500000037252903,0
2017-12-14,0.02500000037252903,0.02500000037252903,0.02500000037252903,0.02500000037252903,0
2017-12-15,0.02500000037252903,0.02500000037252903,0.02500000037252903,0.02500000037252903,0
2017-12-18,0.02500000037252903,0.029999999329447746,0.02500000037252903,0.02500000037252903,1278100
2017-12-19,0.029999999329447746,0.029999999329447746,0.02500000037252903,0.02500000037252903,409500
2017-12-20,0.02500000037252903,0.02500000037252903,0.02500000037252903,0.02500000037252903,0
2017-12-21,0.02500000037252903,0.02500000037252903,0.02500000037252903,0.02500000037252903,0
2017-12-22,0.02500000037252903,0.02500000037252903,0.02500000037252903,0.02500000037252903,4500
2017-12-26,0.02500000037252903,0.02500000037252903,0.02500000037252903,0.02500000037252903,0
2017-12-27,0.02500000037252903,0.02500000037252903,0.02500000037252903,0.02500000037252903,0
2017-12-28,0.02500000037252903,0.02500000037252903,0.02500000037252903,0.02500000037252903,0
2017-12-29,0.029999999329447746,0.029999999329447746,0.029999999329447746,0.029999999329447746,7000
2018-01-02,0.029999999329447746,0.029999999329447746,0.029999999329447746,0.029999999329447746,0
2018-01-03,0.029999999329447746,0.029999999329447746,0.029999999329447746,0.029999999329447746,2000
2018-01-04,0.029999999329447746,0.029999999329447746,0.029999999329447746,0.029999999329447746,0
2018-01-05,0.029999999329447746,0.029999999329447746,0.029999999329447746,0.029999999329447746,0
2018-01-08,0.02500000037252903,0.02500000037252903,0.02500000037252903,0.02500000037252903,28000
2018-01-09,0.02500000037252903,0.02500000037252903,0.02500000037252903,0.02500000037252903,0
2018-01-10,0.02500000037252903,0.02500000037252903,0.02500000037252903,0.02500000037252903,0
2018-01-11,0.02500000037252903,0.02500000037252903,0.02500000037252903,0.02500000037252903,0
2018-01-12,0.029999999329447746,0.029999999329447746,0.02500000037252903,0.02500000037252903,19000
2018-01-16,0.02500000037252903,0.02500000037252903,0.02500000037252903,0.02500000037252903,0
2018-01-17,0.029999999329447746,0.029999999329447746,0.02500000037252903,0.02500000037252903,117000
2018-01-18,0.02500000037252903,0.02500000037252903,0.02500000037252903,0.02500000037252903,40000
2018-01-19,0.02500000037252903,0.02500000037252903,0.02500000037252903,0.02500000037252903,0
2018-01-22,0.02500000037252903,0.02500000037252903,0.02500000037252903,0.02500000037252903,2135000
2018-01-23,0.02500000037252903,0.02500000037252903,0.02500000037252903,0.02500000037252903,0
2018-01-24,0.029999999329447746,0.05000000074505806,0.029999999329447746,0.03999999910593033,271500
2018-01-25,0.029999999329447746,0.029999999329447746,0.029999999329447746,0.029999999329447746,1000
2018-01-26,0.02500000037252903,0.03500000014901161,0.02500000037252903,0.03500000014901161,54000
2018-01-29,0.029999999329447746,0.03999999910593033,0.029999999329447746,0.029999999329447746,61000
2018-01-30,0.02500000037252903,0.03999999910593033,0.02500000037252903,0.03999999910593033,116000
