Date,Close,Open,High,Low,,
,SPLRCU,SPLRCU,SPLRCU,SPLRCU,,
2024.12.31,384.95,385.66,387.17,383.19,,
2024.12.30,385.42,384.74,386.28,381.82,,
2024.12.27,386.91,385.32,388.1,384.93,,
2024.12.26,388.04,387.64,389.22,386.82,,
2024.12.24,389.1,386.77,389.1,385.82,,
2024.12.23,386.94,384.42,387.18,380.92,,
2024.12.20,385.43,377.83,386.32,377.77,,
2024.12.19,379.63,378.55,383.78,378.39,,
2024.12.18,377.81,386.46,387.21,377.7,,
2024.12.17,387.07,385.67,388.6,385.42,,
2024.12.16,388.56,391.69,392.96,388.56,,
2024.12.13,391.79,391.9,393.84,391.32,,
2024.12.12,391.5,393.69,394.9,391.29,,
2024.12.11,391.91,395.15,395.38,391.17,,
2024.12.10,394.16,395.54,396.15,391.26,,
2024.12.9,397.43,402.22,402.69,397.26,,
2024.12.6,402.66,407.98,408.55,401.72,,
2024.12.5,407.53,406.85,409.84,406.4,,
2024.12.4,406.5,406.57,408.8,404.79,,
2024.12.3,406.41,412.34,413.56,406.41,,
2024.12.2,410.01,418.89,418.95,409.88,,
2024.11.29,418.72,420.32,420.34,418.04,,
2024.11.27,418.94,420.51,421.57,418.57,,
2024.11.26,419.01,413.51,419.23,412.76,,
2024.11.25,412.57,414.32,415.67,409.39,,
2024.11.22,411.75,415.48,415.85,411.56,,
2024.11.21,414.48,407.79,414.81,405.98,,
2024.11.20,407.35,407.76,409.16,405.31,,
2024.11.19,407.04,402.94,407.15,401.11,,
2024.11.18,404.36,400.68,405.61,400.31,,
2024.11.15,401.46,395.01,401.7,395.01,,
2024.11.14,395.66,397.31,399.51,395.13,,
2024.11.13,397.18,399.9,400.48,395.52,,
2024.11.12,398.14,402.05,402.32,396.23,,
2024.11.11,402.69,401.78,405.06,400.76,,
2024.11.8,401.48,396.19,402.47,396.15,,
2024.11.7,394.42,395.71,398.21,392.29,,
2024.11.6,393.82,394.4,395.42,390.01,,
2024.11.5,397.71,391.34,397.75,390.69,,
2024.11.4,391.92,392.27,394.54,389.8,,
2024.11.1,396.74,405.27,406.83,396.34,,
2024.10.31,405.9,402.49,408.73,402.4,,
2024.10.30,401.71,404.03,404.84,401.02,,
2024.10.29,402.66,406.56,406.79,402.62,,
2024.10.28,411.43,410.03,413.18,409.53,,
2024.10.25,408.22,416.25,416.36,407.95,,
2024.10.24,414.26,417.28,417.89,413.02,,
2024.10.23,417.22,413.14,417.24,413.08,,
2024.10.22,413.03,412.14,413.91,409.89,,
2024.10.21,414.67,417.34,418.36,412.99,,
2024.10.18,416.16,413.36,416.46,411.87,,
2024.10.17,413.86,418.85,418.88,413.58,,
2024.10.16,417.73,410.99,418.29,409.64,,
2024.10.15,409.4,409.9,412.35,408.9,,
2024.10.14,407.58,403.02,407.89,402.62,,
2024.10.11,402.39,397.54,402.45,396.55,,
2024.10.10,398.84,400.6,403.72,398.74,,
2024.10.9,400.08,402.24,403.55,397.94,,
2024.10.8,403.65,404.65,406.37,403.64,,
2024.10.7,403.42,411.38,411.87,402.38,,
2024.10.4,413.01,409.97,413.49,408.93,,
2024.10.3,413.7,415.44,416.79,412.71,,
2024.10.2,413.8,410.87,414.53,410.46,,
2024.10.1,413.59,410.26,414.18,407.47,,
2024.9.30,410.28,409.65,410.57,405.79,,
2024.9.27,408.55,406.11,409.59,405.97,,
2024.9.26,404.46,406.55,408,403.4,,
2024.9.25,407.4,406.86,408.61,404.01,,
2024.9.24,405.21,405.88,410.41,404.61,,
2024.9.23,408.3,406.76,408.53,405.24,,
2024.9.20,404.37,398.67,405.06,398.34,,
2024.9.19,393.79,395.39,395.89,390.65,,
2024.9.18,396.06,398.32,399.63,394.66,,
2024.9.17,399.12,399.52,400.64,397.94,,
2024.9.16,399.45,398.41,400.6,396.79,,
2024.9.13,396.53,391.94,396.61,390.91,,
2024.9.12,391.03,390.44,391.74,388.8,,
2024.9.11,390.38,388.68,390.61,384.68,,
2024.9.10,389.05,388.09,390.69,386.72,,
2024.9.9,387.34,384.68,387.39,382.9,,
2024.9.6,383.58,387.82,388.68,383.53,,
2024.9.5,387.21,391.57,391.57,386.14,,
2024.9.4,388.27,386.49,391.01,386.35,,
2024.9.3,385,385.4,387.69,383.7,,
2024.8.30,385.51,383.23,385.98,381.97,,
2024.8.29,383.17,381.7,383.45,378.58,,
2024.8.28,381.09,382.01,384.25,380.78,,
2024.8.27,381.11,383.44,384.53,380.87,,
2024.8.26,383.95,383.11,385.55,382.82,,
2024.8.23,381.64,381.91,383.33,380.53,,
2024.8.22,380.52,380.69,382.15,379.06,,
2024.8.21,381.17,378.84,382.14,378.52,,
2024.8.20,378.37,379.28,380.37,377.96,,
2024.8.19,379.31,377.18,379.42,376.7,,
2024.8.16,377.07,376.03,378.25,374.13,,
2024.8.15,375.58,373.92,376.66,372.27,,
2024.8.14,375.66,374.7,377.81,372.84,,
2024.8.13,376.02,375.75,376.38,373.86,,
2024.8.12,374.07,373.25,374.1,371.34,,
2024.8.9,373.46,372.83,373.96,367.17,,
2024.8.8,372.49,370.74,374.63,369.77,,
2024.8.7,371.92,372.59,376.28,370.75,,
2024.8.6,369.89,367.74,374.16,367.74,,
2024.8.5,366.87,377.55,378.17,366.57,,
2024.8.2,377.01,380.46,383.51,371.77,,
2024.8.1,376.49,370.08,376.8,370.02,,
2024.7.31,369.64,370.53,370.54,366.2,,
2024.7.30,365.08,362.74,365.31,362.13,,
2024.7.29,363.1,362.48,364.29,359.99,,
2024.7.26,361.49,360.66,362.23,359.62,,
2024.7.25,357.95,362.45,364.55,356.5,,
2024.7.24,361.12,358.61,362.41,357.41,,
2024.7.23,356.99,358.4,359.22,356.77,,
2024.7.22,359.34,357.91,359.95,357.04,,
2024.7.19,356.24,357.22,357.34,354.21,,
2024.7.18,355.85,355.36,359.25,355.36,,
2024.7.17,356.08,355.74,360.65,354.74,,
2024.7.16,355.95,355.51,356.52,354.3,,
2024.7.15,353.22,358.58,358.9,352.59,,
2024.7.12,361.87,360.27,364.33,359.18,,
2024.7.11,359.26,354.73,360.25,354.55,,
2024.7.10,352.8,350.78,352.89,348.33,,
2024.7.9,349.5,348.41,352.51,348.26,,
2024.7.8,348.53,347.99,349.67,347.25,,
2024.7.5,348.28,348.04,349.85,346.78,,
2024.7.3,347.63,345.87,350.11,345.44,,
2024.7.2,345.46,344.54,346.19,344.26,,
2024.7.1,343.95,349.2,350.42,343.5,,
2024.6.28,346.33,350.14,350.48,344.57,,
2024.6.27,350.12,349.21,350.55,347.71,,
2024.6.26,349.61,349.39,350.37,347.64,,
2024.6.25,350.96,353.87,354.69,349.97,,
2024.6.24,354.43,350.1,355.62,349.64,,
2024.6.21,350.06,353.09,353.63,349.7,,
2024.6.20,351.95,349.46,352.65,349.15,,
2024.6.18,348.84,345.99,349.04,345.66,,
2024.6.17,348.78,350.62,351.62,348.51,,
2024.6.14,352.79,351.84,353.16,350.07,,
2024.6.13,353.7,353.19,355.02,350.06,,
2024.6.12,352.88,359.44,359.55,351.84,,
2024.6.11,355.26,353.88,355.79,352.38,,
2024.6.10,357.53,352.9,358.02,352.05,,
2024.6.7,353.03,352.92,356.57,352.89,,
2024.6.6,356.91,360.09,361.96,356.51,,
2024.6.5,360.63,362.3,362.69,360.14,,
2024.6.4,362.75,361.75,364.03,358.82,,
2024.6.3,362.83,366.7,366.7,361.67,,
2024.5.31,367.47,362.08,367.83,360.77,,
2024.5.30,361.43,357.7,361.53,356.94,,
2024.5.29,356.41,357.99,358.25,355.16,,
2024.5.28,361.17,361.91,363.43,360.47,,
2024.5.24,361.6,359.15,362.98,358.29,,
2024.5.23,358.05,363.08,363.13,357.85,,
2024.5.22,364.26,366.63,367.8,363.86,,
2024.5.21,368.62,365.18,368.68,365.18,,
2024.5.20,365.07,366.48,366.48,364.52,,
2024.5.17,365.85,365.67,366.69,363.92,,
2024.5.16,365.81,367.18,369.01,365.33,,
2024.5.15,367.15,365.78,368.37,365.27,,
2024.5.14,362.06,362.84,363.11,360.11,,
2024.5.13,361.31,362.35,364.21,360.56,,
2024.5.10,361.36,363.92,364.26,360.38,,
2024.5.9,361.95,356.13,362.18,355.69,,
2024.5.8,356.54,351.94,356.77,351.52,,
2024.5.7,352.84,350.62,353.12,349.92,,
2024.5.6,348.94,348.31,349.27,346.04,,
2024.5.3,347.36,347.48,348.21,344.12,,
2024.5.2,344.41,343.82,345.06,341.35,,
2024.5.1,342.68,338.09,345.64,337.37,,
2024.4.30,338.8,338.41,341.36,336.49,,
2024.4.29,340.77,338.7,341.24,338.61,,
2024.4.26,336.09,339.87,340.31,336.08,,
2024.4.25,339.91,338.45,341.2,335.19,,
2024.4.24,339,333.91,340.04,332.43,,
2024.4.23,337,334.63,338.99,334.62,,
2024.4.22,335.36,332.17,336.22,330.18,,
2024.4.19,332.18,328.27,332.92,327.69,,
2024.4.18,327.37,326.43,328.34,324.15,,
2024.4.17,325.37,320.9,326.16,320.23,,
2024.4.16,318.73,322.28,322.28,317.66,,
2024.4.15,323.11,328.25,329.55,321.81,,
2024.4.12,326.08,328.83,329.99,324.56,,
2024.4.11,328.5,331.12,331.12,326.34,,
2024.4.10,329.18,328.21,330.39,326.33,,
2024.4.9,334.98,334.98,335.45,332.9,,
2024.4.8,333.14,331.35,333.64,330.51,,
2024.4.5,331.02,327.8,331.74,326.23,,
2024.4.4,329.86,333.79,333.98,327.71,,
2024.4.3,330.52,331.99,332.66,329.43,,
2024.4.2,331.9,330.85,333.77,330.75,,
2024.4.1,331.34,333.2,333.2,329.27,,
2024.3.28,333.49,331.47,333.91,330.25,,
2024.3.27,330.99,324.54,331.01,324.54,,
2024.3.26,322.12,326.05,327.23,321.96,,
2024.3.25,325.83,325.35,326.06,323.92,,
2024.3.22,324.34,325.93,326.5,323.96,,
2024.3.21,323.87,325.46,327.48,323.83,,
2024.3.20,324.55,323.32,326.12,322.63,,
2024.3.19,324.13,322.03,324.44,321.15,,
2024.3.18,321.18,319.8,323.28,318.39,,
2024.3.15,319.7,318.41,321.44,318.04,,
2024.3.14,319.33,320.91,322.42,317.17,,
2024.3.13,321.94,322.9,324.93,321.48,,
2024.3.12,319.84,321.41,322.48,317.96,,
2024.3.11,323.05,321.39,323.78,319.85,,
2024.3.8,321.41,321.63,322.42,318.82,,
2024.3.7,320.74,321.43,321.73,320.18,,
2024.3.6,318.81,318.23,320.43,317.41,,
2024.3.5,315.76,318.21,322.8,314.51,,
2024.3.4,316.59,310.07,317.14,310.07,,
2024.3.1,311.46,312.29,312.33,307.72,,
2024.2.29,313.71,314.74,316.1,312.14,,
2024.2.28,313.58,312.16,314.06,311.69,,
2024.2.27,312.64,308.99,312.78,307.51,,
2024.2.26,306.83,311.48,311.71,306.3,,
2024.2.23,313.42,311.65,314.86,311.17,,
2024.2.22,311.22,311.7,312.51,308.9,,
2024.2.21,313.65,311.04,314.02,310.2,,
2024.2.20,309.43,309.73,313.1,308.92,,
2024.2.16,309.85,308.27,311.21,306.79,,
2024.2.15,310.36,306.77,310.57,306.72,,
2024.2.14,305.64,304.37,306.2,303.26,,
2024.2.13,304,307.71,308.71,299.76,,
2024.2.12,309.22,305.71,309.41,304.95,,
2024.2.9,305.72,303.38,305.89,303.14,,
2024.2.8,304.44,305.56,305.7,301.89,,
2024.2.7,306.98,307.84,308.44,305.37,,
2024.2.6,306.82,305.33,307.77,304.53,,
2024.2.5,305.87,309.08,309.35,305.65,,
2024.2.2,312.21,314.43,315.3,310.13,,
2024.2.1,317.95,311.08,317.99,309.51,,
2024.1.31,312.07,315.45,316.71,310.45,,
2024.1.30,312.97,312.16,314.72,310.22,,
2024.1.29,313.09,311.15,314.15,309.43,,
2024.1.26,311.1,310.94,312.14,310.01,,
2024.1.25,310.09,308.7,310.13,305.83,,
2024.1.24,304.64,310.99,311.46,304.17,,
2024.1.23,308.9,308.64,309.74,307.01,,
2024.1.22,308.19,309.73,311.99,306.95,,
2024.1.19,309.79,310.44,311.07,307.9,,
2024.1.18,310.18,312.11,312.21,308.53,,
2024.1.17,313.48,315.63,319.25,311.24,,
2024.1.16,318.32,320.26,320.99,317.51,,
2024.1.12,321.7,322.45,322.91,320.49,,
2024.1.11,319.82,325.8,326.3,318.92,,
2024.1.10,327.5,327.46,329.05,326.42,,
2024.1.9,327.71,328.25,328.96,327,,
2024.1.8,330.21,327.13,330.34,326.24,,
2024.1.5,327.84,325.93,329.37,324.8,,
2024.1.4,326.58,328.03,329.74,326.27,,
2024.1.3,327.65,326.26,328.23,324.17,,
2024.1.2,326.37,320.62,327.16,319.89,,
2023.12.29,321.92,321.04,322.4,319.74,,
2023.12.28,322.21,319.13,322.62,319.04,,
2023.12.27,319.96,319.58,320.54,318.7,,
2023.12.26,320.34,317.86,321.47,317.86,,
2023.12.22,318.28,318.29,321.42,317.79,,
2023.12.21,317.22,317.76,319.41,315.06,,
2023.12.20,316.81,322.79,323.58,316.72,,
2023.12.19,323.21,322.47,323.66,321.28,,
2023.12.18,321.4,322.87,324.8,320.82,,
2023.12.15,322.36,325.29,326.2,319.95,,
2023.12.14,328.03,334.86,336.16,327.44,,
2023.12.13,332.28,320.64,332.37,319.01,,
2023.12.12,320.37,322.01,322.01,317.84,,
2023.12.11,321.68,318.22,322.03,318.05,,
2023.12.8,319.56,320.05,320.78,317.27,,
2023.12.7,320.25,321.36,322.47,318.78,,
2023.12.6,321.02,318.33,321.07,317.86,,
2023.12.5,316.65,319.11,319.35,315.55,,
2023.12.4,319.25,318.13,321.81,317.53,,
2023.12.1,320.51,316.69,320.51,314.69,,
2023.11.30,316.57,316.12,316.9,313.95,,
2023.11.29,315.29,317.86,319.18,314.26,,
2023.11.28,317.79,316.89,320.17,315.74,,
2023.11.27,316.8,316.77,317.52,314.45,,
2023.11.24,316.5,315.54,316.5,314.37,,
2023.11.22,315.54,315.2,315.71,312.76,,
2023.11.21,314.48,314.2,314.93,311.55,,
2023.11.20,313.79,313.23,314.97,309.73,,
2023.11.17,314.76,315.47,315.55,313.01,,
2023.11.16,314.16,315.14,316.48,314,,
2023.11.15,312.75,313.24,317.33,312.13,,
2023.11.14,313.79,308.38,313.99,307.88,,
2023.11.13,301.89,304.82,305.52,301.49,,
2023.11.10,305.68,305.92,306.42,303.81,,
2023.11.9,304.11,308.39,309.66,304.05,,
2023.11.8,308.38,309.14,309.23,304.81,,
2023.11.7,310.66,313.33,313.33,310.26,,
2023.11.6,312.95,314.45,315.3,312.69,,
2023.11.3,313.83,317.05,317.72,313.81,,
2023.11.2,311.97,306.78,313.55,306.39,,
2023.11.1,306.19,303.6,308.08,300.41,,
2023.10.31,302.87,301.44,303.12,299.4,,
2023.10.30,300.29,299.55,302.25,297.11,,
2023.10.27,298.27,302.59,304.15,297.27,,
2023.10.26,303.77,302.01,306.51,302.01,,
2023.10.25,301.17,298.96,301.81,297.96,,
2023.10.24,299.72,296.68,300.77,295.64,,
2023.10.23,292.2,291.25,296.26,289.75,,
2023.10.20,294.62,297.3,299.74,294.58,,
2023.10.19,297.76,300.27,302.5,297.49,,
2023.10.18,300.57,303.24,304.79,298.79,,
2023.10.17,303.42,302.21,305.23,301.13,,
2023.10.16,304.15,301.54,305.26,299.4,,
2023.10.13,301,300.17,302.92,298.93,,
2023.10.12,297.75,301,302.5,295.05,,
2023.10.11,302.27,299,302.56,297.17,,
2023.10.10,297.42,293.79,297.61,293.62,,
2023.10.9,293.44,290.18,293.46,288.91,,
2023.10.6,290.51,283.18,291.27,278.06,,
2023.10.5,286.59,287.4,288.28,283.81,,
2023.10.4,288.17,289.32,290.36,283.76,,
2023.10.3,288.42,282.98,289.39,278.89,,
2023.10.2,285.09,296.82,297.01,281.85,,
2023.9.29,299.2,301.31,303.58,297.5,,
2023.9.28,298.58,306.82,306.94,298.17,,
2023.9.27,305.25,310.14,311.36,304.57,,
2023.9.26,311.26,319.7,319.7,310.54,,
2023.9.25,321.04,319.74,321.35,317.8,,
2023.9.22,321.67,320.83,323.66,319.5,,
2023.9.21,322.19,325.19,326.03,322.16,,
2023.9.20,325.71,326.82,329.1,324.75,,
2023.9.19,325.37,326.9,328.03,325.3,,
2023.9.18,327.16,327.72,328.17,324.9,,
2023.9.15,327.33,328.36,330.78,327.12,,
2023.9.14,328.95,326.25,329.08,325.77,,
2023.9.13,324.17,321.03,325.63,320.93,,
2023.9.12,320.31,319.78,321.27,317.84,,
2023.9.11,319.9,318.49,321.64,318.49,,
2023.9.8,318.83,316.3,319.26,315.53,,
2023.9.7,315.79,313.41,318.4,313.41,,
2023.9.6,311.85,311.78,312.29,309.94,,
2023.9.5,311.22,315.5,316.06,309.57,,
2023.9.1,316.1,319.65,320.46,313.63,,
2023.8.31,317.74,321.75,322.34,317.72,,
2023.8.30,321.05,321.79,323.51,319.86,,
2023.8.29,322.42,321.72,323.42,320.41,,
2023.8.28,321.52,322.5,323.94,321,,
2023.8.25,321.65,319.94,323.24,319.58,,
2023.8.24,319.15,320.78,324.91,318.96,,
2023.8.23,321.18,321.43,321.62,318.92,,
2023.8.22,319.73,318.67,320.7,317.62,,
2023.8.21,318.89,320.44,320.78,316.42,,
2023.8.18,320.8,318.91,321.67,318.91,,
2023.8.17,319.56,320.59,323.77,319.5,,
2023.8.16,320.63,320.23,321.99,319.43,,
2023.8.15,319.17,322.64,322.64,319.03,,
2023.8.14,324.66,326.79,326.86,323.3,,
2023.8.11,327.38,325.81,327.78,324.98,,
2023.8.10,325.71,327.83,329.94,324.77,,
2023.8.9,326.74,325.68,329.63,325.59,,
2023.8.8,326.18,324.21,326.29,321.7,,
2023.8.7,324.58,325.85,327.39,324.57,,
2023.8.4,324.65,329.55,331.54,323.35,,
2023.8.3,328.62,335.2,335.35,328.4,,
2023.8.2,336.32,334.94,337.94,334.5,,
2023.8.1,336.34,340.34,341.82,336.19,,
2023.7.31,340.62,341.73,343.15,339.01,,
2023.7.28,340.51,343.69,344.92,338.83,,
2023.7.27,341.41,346.38,347.53,340.67,,
2023.7.26,347.41,346.58,351.3,345.93,,
2023.7.25,347.57,346.61,348.56,345.46,,
2023.7.24,346.82,348.06,348.84,345.34,,
2023.7.21,347.8,343.75,349.12,343.52,,
2023.7.20,342.67,337.55,343.15,335.75,,
2023.7.19,336.45,333.96,338.47,333.96,,
2023.7.18,333.05,335.67,338.18,330.19,,
2023.7.17,335.66,338.82,339.26,335.62,,
2023.7.14,339.66,340.14,341.1,337.72,,
2023.7.13,341.06,339.3,341.06,338.61,,
2023.7.12,339.77,336.34,340.1,335.34,,
2023.7.11,334.86,331.24,334.91,330.24,,
2023.7.10,330.75,331.32,332.7,328.16,,
2023.7.7,332.14,332.26,334.51,331.31,,
2023.7.6,334.61,335.86,335.95,332.93,,
2023.7.5,338.7,333.7,341.28,333.42,,
2023.7.3,335.02,331.27,335.03,330.75,,
2023.6.30,332.8,329.56,333.02,329.28,,
2023.6.29,328.8,326.35,330.81,325.76,,
2023.6.28,328.95,333.67,333.67,328.14,,
2023.6.27,333.89,334.4,335.05,332.9,,
2023.6.26,333.75,331.26,334.83,329.84,,
2023.6.23,330.51,336.23,337.54,330.18,,
2023.6.22,335.59,339.79,339.79,334.62,,
2023.6.21,338.15,333.82,338.41,330.59,,
2023.6.20,335.33,338.93,338.93,335.03,,
2023.6.16,339.29,338.46,342.06,338.22,,
2023.6.15,337.51,335.39,338.3,334.53,,
2023.6.14,333.98,335.47,337.92,333.36,,
2023.6.13,334.21,332.16,335.37,331.85,,
2023.6.12,334.42,335.96,336.02,333.05,,
2023.6.9,334.98,337.29,337.3,334.81,,
2023.6.8,336.93,335.2,337.4,332.95,,
2023.6.7,335.56,330.67,336.31,328.26,,
2023.6.6,329.95,331.4,332.37,329.19,,
2023.6.5,330.17,329.49,333.74,328.72,,
2023.6.2,328.7,323.73,329.91,322.99,,
2023.6.1,325.4,328.3,328.43,323.27,,
2023.5.31,327.97,325.31,329.35,323,,
2023.5.30,324.86,326.58,328.37,324.47,,
2023.5.26,326.13,325.94,326.39,322.96,,
2023.5.25,326.45,330.08,330.08,324.25,,
2023.5.24,331.01,332.83,333.67,330.48,,
2023.5.23,333.1,333.14,336.43,332.39,,
2023.5.22,334.24,335.33,336.73,333.18,,
2023.5.19,334.15,336.16,338.11,334.04,,
2023.5.18,334.71,333.51,335.04,331.89,,
2023.5.17,335.92,337.74,338.15,334.5,,
2023.5.16,337.12,345.04,345.15,336.98,,
2023.5.15,345.04,350.72,351.13,343.57,,
2023.5.12,349.38,349.74,351.54,347.31,,
2023.5.11,347.84,350.74,351.55,346.28,,
2023.5.10,351.86,350.77,352.69,348.32,,
2023.5.9,348.57,348.39,349.53,346.19,,
2023.5.8,349.28,349.82,352.4,348.12,,
2023.5.5,350.42,347.23,351.2,347.03,,
2023.5.4,348.11,346.1,349.45,342.96,,
2023.5.3,345.58,348.57,350.18,345.21,,
2023.5.2,346.67,351.25,351.25,344.69,,
2023.5.1,350.98,349.59,354.27,349.42,,
2023.4.28,350.26,350.17,352.35,348.17,,
2023.4.27,350.94,347.82,351.19,347.55,,
2023.4.26,346.78,352.29,353.52,346.45,,
2023.4.25,355.2,354.61,357.07,354.18,,
2023.4.24,355.54,353.76,356.12,351.6,,
2023.4.21,353.78,355.06,356.05,351.73,,
2023.4.20,352.72,352.87,353.92,350.75,,
2023.4.19,352.91,350.99,353.81,350.59,,
2023.4.18,350.17,351.78,352.74,348.84,,
2023.4.17,351.97,350.84,352.48,348.45,,
2023.4.14,349.97,350.9,352.03,348.42,,
2023.4.13,353.91,352.26,354.92,347.3,,
2023.4.12,353.83,354.94,356.46,352.77,,
2023.4.11,354.24,353.73,355.24,352.56,,
2023.4.10,354.01,352.75,354.04,349.19,,
2023.4.6,354.72,354.21,355.27,351.16,,
2023.4.5,352.13,345.29,353.15,345.29,,
2023.4.4,343.3,341.59,343.88,340.51,,
2023.4.3,341.52,342.19,344.06,339.7,,
2023.3.31,344.01,342.24,344.05,340.57,,
2023.3.30,341.42,340.97,343.02,339.49,,
2023.3.29,340.04,337.07,340.52,337.07,,
2023.3.28,335.22,333.96,338.63,333.73,,
2023.3.27,334.24,335.18,337.11,333.33,,
2023.3.24,333.82,324.17,333.86,323.94,,
2023.3.23,323.73,326.38,330.22,322.13,,
2023.3.22,327.02,332.76,334.78,326.98,,
2023.3.21,333.62,340.77,341.06,329.16,,
2023.3.20,340.62,339.04,341.59,338.66,,
2023.3.17,337.87,340.32,341.01,335.43,,
2023.3.16,341.2,337.64,343.24,336.55,,
2023.3.15,338.93,333.31,340.91,331.92,,
2023.3.14,334.46,332.39,337.05,331.23,,
2023.3.13,330.22,324.89,337.43,324.45,,
2023.3.10,325.2,331.51,331.79,323.64,,
2023.3.9,330.48,334,337.12,329.4,,
2023.3.8,333.28,330.66,333.93,329.41,,
2023.3.7,330.71,336.46,337.39,329.22,,
2023.3.6,336.28,334.62,337.14,334.52,,
2023.3.3,334.84,330.37,334.86,327.28,,
2023.3.2,329.05,322.82,329.23,322.12,,
2023.3.1,323.16,326.46,327.06,321.65,,
2023.2.28,328.82,332.76,334.65,328.68,,
2023.2.27,334.59,338.35,341.67,333.89,,
2023.2.24,337.17,334.09,338.33,332.83,,
2023.2.23,337.24,339.85,340.23,335.72,,
2023.2.22,338.88,340.14,342.83,338.07,,
2023.2.21,340.31,344.24,344.69,340.08,,
2023.2.17,346.85,343.81,348.33,341.54,,
2023.2.16,343.42,342.33,344.96,339.75,,
2023.2.15,346.29,342.4,346.53,342.4,,
2023.2.14,344.09,345.29,347.58,342.36,,
2023.2.13,345.75,344.18,346.55,343.97,,
2023.2.10,343.74,338.07,343.97,337.11,,
2023.2.9,336.99,342.71,344.39,336.49,,
2023.2.8,341.81,345.92,345.92,340.28,,
2023.2.7,347.76,346.23,348.85,343.07,,
2023.2.6,348.04,343.97,348.21,343.18,,
2023.2.3,345.05,350.31,350.66,340.59,,
2023.2.2,352.35,351.88,356.34,349.24,,
2023.2.1,351.81,349.47,354.17,347.06,,
2023.1.31,351.17,349.42,351.19,345.44,,
2023.1.30,348.68,349.13,352.62,348.36,,
2023.1.27,350.27,349.63,351.71,348.35,,
2023.1.26,350.38,347.45,350.85,346.67,,
2023.1.25,349.03,349.19,349.82,345.52,,
2023.1.24,353.85,352.72,354.84,348,,
2023.1.23,352.14,350.68,355.45,349.36,,
2023.1.20,351.99,349.47,352.1,345,,
2023.1.19,349.93,353.04,353.61,349.07,,
2023.1.18,353.46,363.05,363.11,353.06,,
2023.1.17,362.18,363.16,365.52,361.63,,
2023.1.13,362.63,361.89,363.88,360,,
2023.1.12,364.23,367.07,367.17,363.72,,
2023.1.11,366.58,363.94,366.96,363.41,,
2023.1.10,363.46,362.31,363.7,359.37,,
2023.1.9,363.3,360.12,366.12,360.12,,
2023.1.6,361,357.91,362.71,357.41,,
2023.1.5,353.82,359.06,360.15,352.81,,
2023.1.4,361.86,360.31,364.86,359.54,,
2023.1.3,358.5,359.25,360.58,353.65,,
2022.12.30,358.48,361.68,361.94,355.16,,
2022.12.29,361.96,361.08,363.9,360.94,,
2022.12.28,359.52,363.56,365.12,358.92,,
2022.12.27,363.03,361.23,363.69,359.35,,
2022.12.23,360.8,356.2,360.93,356.2,,
2022.12.22,357.04,358.27,358.51,351.22,,
2022.12.21,359.32,356.08,359.33,355.37,,
2022.12.20,354.51,354.17,356.31,352,,
2022.12.19,354.29,355.2,357.69,352.09,,
2022.12.16,355.76,358.15,358.56,351.38,,
2022.12.15,361.77,365.17,365.52,360.26,,
2022.12.14,366.41,368.24,372.13,363.98,,
2022.12.13,367,370.51,372.55,363.01,,
2022.12.12,365.85,360.64,365.92,358.27,,
2022.12.9,357.73,358.34,360.65,357.34,,
2022.12.8,359.44,357.08,360.78,356.02,,
2022.12.7,357.43,358.83,361.68,356.07,,
2022.12.6,359.12,356.41,359.19,355,,
2022.12.5,356.75,356.17,358.15,355.5,,
2022.12.2,358.89,356.7,359.73,355.31,,
2022.12.1,360.58,364.27,366.1,359.7,,
2022.11.30,361.25,351.4,361.75,351.36,,
2022.11.29,352.24,352.62,352.75,350.27,,
2022.11.28,354.83,356.2,357.21,353.39,,
2022.11.25,358.67,358.17,359.62,357.68,,
2022.11.23,356.44,351.78,356.6,351.68,,
2022.11.22,352.78,352.02,354.94,350.62,,
2022.11.21,349.83,348.18,350.81,347.53,,
2022.11.18,348.1,344.71,348.6,344.14,,
2022.11.17,341.28,343.45,344.15,339.67,,
2022.11.16,347.51,345.38,349.42,345.38,,
2022.11.15,344.51,344.17,346.97,340.52,,
2022.11.14,340.85,345.09,347.09,340.85,,
2022.11.11,345.24,349.15,349.6,341.99,,
2022.11.10,349.24,342.21,349.75,338.41,,
2022.11.9,333.38,335.64,337.3,332.88,,
2022.11.8,336.21,334.57,338.38,333.37,,
2022.11.7,333.91,339.78,339.78,328.74,,
2022.11.4,340.51,339.91,341.88,334.69,,
2022.11.3,338.58,333.8,341.52,332.16,,
2022.11.2,337.08,339.36,346.21,337,,
2022.11.1,340.55,340.84,342.25,337.79,,
2022.10.31,339.18,341.7,342.65,337.06,,
2022.10.28,342.4,334.67,343.05,334.67,,
2022.10.27,332.9,333.25,336.93,332.52,,
2022.10.26,330.64,332.81,334,329.3,,
2022.10.25,330.77,324.87,331.6,324.69,,
2022.10.24,324.21,324.23,326.65,320.82,,
2022.10.21,321.57,316.9,323.95,314.82,,
2022.10.20,315.76,323.24,323.24,314.27,,
2022.10.19,323.88,323.44,326.11,321.13,,
2022.10.18,328.03,327.21,329.81,324.98,,
2022.10.17,322.26,319.54,325.28,319.54,,
2022.10.14,315.42,323.83,325.8,314.12,,
2022.10.13,320.35,308.18,321.49,306.73,,
2022.10.12,312.39,322.41,323.14,312.34,,
2022.10.11,323.44,323.48,327.43,321.65,,
2022.10.10,324.32,325.17,328.05,324,,
2022.10.7,323.77,330.23,330.61,321.67,,
2022.10.6,330.68,340.86,340.89,330.37,,
2022.10.5,341.96,344.83,345.09,338.28,,
2022.10.4,349.83,344.05,350.08,343.05,,
2022.10.3,342.46,338.49,344.3,335.92,,
2022.9.30,332.52,341.43,342.01,332.05,,
2022.9.29,339.19,351.9,352.32,338.6,,
2022.9.28,353.59,353.88,355.78,349.37,,
2022.9.27,349.75,358.15,358.73,348.14,,
2022.9.26,355.81,363.56,364.16,352.38,,
2022.9.23,364.66,365.39,365.75,360.1,,
2022.9.22,369,369.59,371.48,367.14,,
2022.9.21,370.42,378.06,380.58,370.41,,
2022.9.20,375.59,378.47,378.67,372.94,,
2022.9.19,381.08,375.06,381.17,374.05,,
2022.9.16,376.13,377.14,379.01,375.56,,
2022.9.15,377.51,382.78,382.94,376.68,,
2022.9.14,387.29,384.2,389.42,384.03,,
2022.9.13,384.19,391.21,392.2,382.47,,
2022.9.12,394.81,392.2,395.23,391.02,,
2022.9.9,391.06,391.32,393.25,388.44,,
2022.9.7,389.89,380.37,390.42,380.37,,
2022.9.6,378.02,379.28,383.31,377.13,,
2022.9.2,377.17,382.32,385.78,376.05,,
2022.9.1,381.26,376.01,381.71,374.93,,
2022.8.31,375.93,378.74,380.94,375.9,,
2022.8.30,378.51,383.82,384.22,377.12,,
2022.8.29,384.12,381.6,386.88,378.88,,
2022.8.26,383.18,390.11,390.64,382.94,,
2022.8.25,389.19,388.16,389.2,384.88,,
2022.8.24,386.89,385.72,387.33,384.22,,
2022.8.23,385.54,387.97,387.97,384.12,,
2022.8.22,387.98,391.31,392.2,387.02,,
2022.8.19,393.39,393.55,395.11,391.7,,
2022.8.18,393.59,392.63,394.79,392.21,,
2022.8.17,392.25,391.16,393.82,391.07,,
2022.8.16,392.84,390.72,394.29,390.71,,
2022.8.15,391.78,388.8,392.3,387.3,,
2022.8.12,388.62,384.85,388.67,384.25,,
2022.8.11,382.73,383.18,386.57,381.8,,
2022.8.10,383.27,383.47,383.91,380.37,,
2022.8.9,381.54,379.05,382.28,378.68,,
2022.8.8,377.53,379.97,381.82,375.72,,
2022.8.5,377.08,377.91,378.97,373.48,,
2022.8.4,378.2,377.92,381.04,376.51,,
2022.8.3,377.75,374.56,378.5,368.95,,
2022.8.2,375.2,376.74,379.84,375,,
2022.8.1,376.03,375.12,376.32,372.16,,
2022.7.29,375.65,372,377.25,372,,
2022.7.28,372.55,366.88,373.23,365.73,,
2022.7.27,359.85,358.2,360.66,356.99,,
2022.7.26,359.46,356.73,360.4,356.73,,
2022.7.25,357.29,352.14,357.31,351.38,,
2022.7.22,352.85,350.91,354.16,349.99,,
2022.7.21,348.09,347.23,348.14,344.89,,
2022.7.20,347.08,352.25,352.42,346.7,,
2022.7.19,351.87,351.96,353.68,350.57,,
2022.7.18,349.5,353.83,353.83,349.42,,
2022.7.15,354.46,354.95,354.95,348.45,,
2022.7.14,353.74,347.84,354.3,347.28,,
2022.7.13,353.69,352.57,357.53,351.72,,
2022.7.12,355.25,355.6,359.74,353.82,,
2022.7.11,357.08,354.02,357.52,352.71,,
2022.7.8,354.81,355.63,356.31,353.61,,
2022.7.7,355.97,357.54,359.27,355.61,,
2022.7.6,356.31,353.8,359.44,351.52,,
2022.7.5,352.75,363.86,364.53,347.24,,
2022.7.1,365.29,357.88,365.77,356.94,,
2022.6.30,356.45,350.26,359.07,350.04,,
2022.6.29,352.58,352.69,353.86,350.39,,
2022.6.28,352.42,355.13,357.55,352,,
2022.6.27,353.69,349.84,354.44,349.08,,
2022.6.24,350.86,346.22,351.55,345.45,,
2022.6.23,344.8,338.79,345.37,338.52,,
2022.6.22,336.89,331.45,339.32,331.45,,
2022.6.21,333.44,328.11,335.15,327.8,,
2022.6.17,327.17,330.69,332.9,324.52,,
2022.6.16,330.3,332.3,332.51,327.8,,
2022.6.15,336.92,337.41,342.06,332.9,,
2022.6.14,334.65,344.12,345.02,330.95,,
2022.6.13,343.53,355.75,356.23,341.98,,
2022.6.10,360.2,359.82,363.45,357.33,,
2022.6.9,362.99,371.54,373.49,362.78,,
2022.6.8,372.06,377.54,377.54,371.42,,
2022.6.7,379.59,376.55,379.86,374.05,,
2022.6.6,377.41,377.05,380.2,376.91,,
2022.6.3,375.72,376.09,377.95,375,,
2022.6.2,377.37,376.58,377.83,369.14,,
2022.6.1,375.11,376.84,376.84,371.74,,
2022.5.31,375.72,377.95,378.83,374.24,,
2022.5.27,380.97,374.35,381,373.31,,
2022.5.26,375.4,376.11,378.09,375.13,,
2022.5.25,374.38,374.97,375.44,371.97,,
2022.5.24,374.61,368.13,375.26,365.16,,
2022.5.23,367.22,366.27,368.87,363.6,,
2022.5.20,362.82,362.58,363.85,357.9,,
2022.5.19,361.84,361.32,363.47,356.83,,
2022.5.18,362.64,366.91,367.6,361.77,,
2022.5.17,366.41,364.18,366.42,358.87,,
2022.5.16,362.69,362.01,364.24,360.26,,
2022.5.13,361.51,360,362.04,355.89,,
2022.5.12,357.6,360.64,361.49,353.84,,
2022.5.11,361.78,359.21,367.67,358.73,,
2022.5.10,359.02,364.39,368.91,355,,
2022.5.9,363.54,364.08,367.2,360.58,,
2022.5.6,366.37,361.69,367.6,361.56,,
2022.5.5,363.46,366.02,367.72,360.35,,
2022.5.4,367.4,361.4,368.07,360.19,,
2022.5.3,359.43,359.85,365.35,357.88,,
2022.5.2,358.1,363.34,365.13,353.65,,
2022.4.28,373.1,371.01,374.37,368.95,,
2022.4.27,369.02,371.03,374.49,367.96,,
2022.4.26,370.73,373.76,377.84,370.71,,
2022.4.22,377.35,383.45,383.59,377.01,,
2022.4.21,383.81,388.72,389.96,383.42,,
2022.4.20,390.02,390.13,392.03,389.06,,
2022.4.19,386.94,385.32,387.71,384.55,,
2022.4.18,384.59,387.29,389.13,382.72,,
2022.4.14,386.48,387.2,389.14,386.15,,
2022.4.13,386.45,387.5,388.27,383.9,,
2022.4.12,387.1,384.84,389.16,383.36,,
2022.4.11,385.53,391.33,391.7,385.15,,
2022.4.8,390.94,390.93,392.38,387.74,,
2022.4.7,389.78,390.13,390.55,386.23,,
2022.4.6,390.76,383.78,390.91,382.72,,
2022.4.5,383.11,381.32,387.32,381.32,,
2022.4.4,380.58,381.85,381.85,376.78,,
2022.4.1,383.62,377.97,383.8,375.83,,
2022.3.31,378.12,378.36,381.68,378.1,,
2022.3.30,378.76,375.89,378.78,374.84,,
2022.3.29,375.62,373.1,375.63,371.4,,
2022.3.28,372.17,369.99,372.19,367.98,,
2022.3.25,369.89,365.58,369.92,364.97,,
2022.3.24,364.49,361.47,364.88,361.08,,
2022.3.23,360.9,360.08,362.96,358.32,,
2022.3.22,360.3,361.01,361.07,357.57,,
2022.3.21,359.97,357.73,361.53,357.73,,
2022.3.18,357.55,360.4,362.15,356.8,,
2022.3.17,360.79,359.03,363.19,358.72,,
2022.3.16,359.15,359.56,360.78,354.1,,
2022.3.15,359.76,359.08,360.54,356.7,,
2022.3.14,355.32,357.8,359.49,353.43,,
2022.3.11,355.7,357.29,359.87,355.45,,
2022.3.10,357.03,352.59,357.62,351.88,,
2022.3.9,354.46,359.15,359.94,353.96,,
2022.3.8,357.23,363.17,365.69,357.18,,
2022.3.7,363.06,358.95,363.69,356.12,,
2022.3.4,358.37,349.62,358.57,349.05,,
2022.3.3,350.68,345.76,352.22,345.76,,
2022.3.2,344.75,340.45,345.89,340.45,,
2022.3.1,340.63,342.93,345.74,338.07,,
2022.2.28,343.5,340.13,344.03,339.62,,
2022.2.25,342.03,334.67,342.41,334.34,,
2022.2.24,331.62,327.82,332.32,325.41,,
2022.2.23,329.21,335.4,336.39,328.89,,
2022.2.22,334.96,335.73,337.26,332.73,,
2022.2.18,335.21,335.71,338.01,333.81,,
2022.2.17,336.28,335.08,337.73,332.07,,
2022.2.16,336.07,335.64,337.61,332.99,,
2022.2.15,335.48,338.96,340.5,334.02,,
2022.2.14,337.33,340.77,341.63,334,,
2022.2.11,340.04,340.76,343.83,338.72,,
2022.2.10,340.01,345.45,346.94,339.26,,
2022.2.9,349.11,349.07,350.66,347.9,,
2022.2.8,347.59,348.57,349.75,346.73,,
2022.2.7,347.22,347.62,348.68,345.24,,
2022.2.4,347.9,348.1,350.91,344.47,,
2022.2.3,350.71,351.09,352.71,349.84,,
2022.2.2,352.25,346.74,352.75,346.46,,
2022.2.1,347.18,350.47,352.69,343.97,,
2022.1.31,351.67,343.22,352.13,342.84,,
2022.1.28,345.28,340.21,345.66,337.75,,
2022.1.27,341.25,340.07,345.55,339.7,,
2022.1.26,338.6,342.06,345.39,336.48,,
2022.1.25,341.02,344.23,345.21,339.56,,
2022.1.24,346.45,349.04,350.51,337.67,,
2022.1.21,350.05,351.95,354.04,349.25,,
2022.1.20,350.69,351.32,355.57,350.22,,
2022.1.19,350.19,348.61,353.14,348.6,,
2022.1.18,348.59,350.15,350.64,345.85,,
2022.1.14,352.83,354.83,355.78,351.01,,
2022.1.13,355.14,353.47,356.5,353.13,,
2022.1.12,353.54,351.27,354.35,350.14,,
2022.1.11,352.29,355.39,356.35,349.98,,
2022.1.10,355.56,357.25,357.98,353.86,,
2022.1.7,357.85,354.14,359.58,352.31,,
2022.1.6,355.17,359.18,360.3,354.77,,
2022.1.5,358.95,358.65,362.89,358.61,,
2022.1.4,359.12,360.02,363.65,359.03,,
2022.1.3,360.29,363.55,363.55,356.13,,
2021.12.31,363.71,361.82,365.09,361.14,,
2021.12.30,362.53,361.81,362.91,359.98,,
2021.12.29,361.29,359.79,361.89,359.28,,
2021.12.28,359.45,356.58,359.47,356.58,,
2021.12.27,356.13,354.81,356.18,353.68,,
2021.12.23,354.37,354.6,356.22,354.15,,
2021.12.22,354.49,352.51,354.97,351.97,,
2021.12.21,353.08,355.46,357.18,351.42,,
2021.12.20,353.67,350.53,354.14,347.3,,
2021.12.17,353.51,358.01,359.2,352.85,,
2021.12.16,358.96,356.97,361.14,356.38,,
2021.12.15,357.21,351.97,357.42,351.58,,
2021.12.14,351.3,353.12,354.21,349.78,,
2021.12.13,353.54,349.03,355.26,349.03,,
2021.12.10,349.3,348.67,350.86,347.61,,
2021.12.9,347.33,348.01,349.3,344.97,,
2021.12.8,348.03,348.8,350.26,346.12,,
2021.12.7,348.43,345.97,349.17,344.91,,
2021.12.6,345.83,342.88,349.34,342.87,,
2021.12.3,340.61,338.27,340.67,334.05,,
2021.12.2,337.18,333.99,340.27,333.99,,
2021.12.1,333.13,334.34,341.15,333,,
2021.11.30,332.59,340.92,340.92,332.31,,
2021.11.29,342.6,339.52,343.49,337.62,,
2021.11.26,337.32,340.14,342.51,336.72,,
2021.11.25,342.83,342.67,343.62,340.84,,
2021.11.24,342.83,342.67,343.62,340.84,,
2021.11.23,343.05,342.88,344.99,341.02,,
2021.11.22,342.65,340.26,344.43,339.57,,
2021.11.19,340.62,339.36,341.28,338.28,,
2021.11.18,338.66,339.98,340.44,337.55,,
2021.11.17,340.48,339.3,340.94,337.66,,
2021.11.16,340.02,341.94,342.6,339.97,,
2021.11.15,341.93,339.26,341.95,338.25,,
2021.11.12,337.52,337.7,338.33,336,,
2021.11.11,338.15,339.86,340.17,336.39,,
2021.11.10,340.19,338.03,340.5,337.57,,
2021.11.9,337.81,336.83,338.76,335.75,,
2021.11.8,336.35,341.52,341.52,334.66,,
2021.11.5,341.3,339.05,342.79,339.05,,
2021.11.4,338.3,339.85,340.27,334.65,,
2021.11.3,340.25,340.97,342.18,337.43,,
2021.11.2,341.35,342.12,342.79,339.01,,
2021.11.1,341.18,340.02,342.01,338.8,,
2021.10.29,339.84,341.57,343.29,338.26,,
2021.10.28,342,339.52,342.07,339.24,,
2021.10.27,339.8,343.26,343.63,339.5,,
2021.10.26,342.08,340.62,344.73,340.15,,
2021.10.25,340.16,341.3,342.37,339.51,,
2021.10.22,341.64,340.59,342.33,340.26,,
2021.10.21,340.05,340.22,341.36,339.61,,
2021.10.20,339.98,336.08,341.3,336.08,,
2021.10.19,334.76,333.24,335.21,332.27,,
2021.10.18,330.59,331.66,332.34,328.93,,
2021.10.15,333.81,335.34,336.39,333.23,,
2021.10.14,334.57,331.44,335.33,331.02,,
2021.10.13,330.6,327.03,330.85,325.3,,
2021.10.12,326.88,325.28,327.74,324.33,,
2021.10.11,324.72,328.1,328.29,324.23,,
2021.10.8,329.15,331.79,332.09,328.94,,
2021.10.7,331.58,334.06,336.57,331.22,,
2021.10.6,333.36,327.26,333.54,325.34,,
2021.10.5,328.33,329.56,330.61,327.9,,
2021.10.4,328.95,324.19,329.96,324.19,,
2021.10.1,324.46,326.6,327.15,323.55,,
2021.9.30,324.58,328.47,328.55,324.18,,
2021.9.29,327.29,323.77,329.42,323.16,,
2021.9.28,323.09,326.68,327.31,322.15,,
2021.9.27,327.09,330.76,333.89,326.7,,
2021.9.24,331.08,331.69,333.56,330.34,,
2021.9.23,331.59,333.43,335.6,331.18,,
2021.9.22,333.26,334.66,336.04,332.17,,
2021.9.21,333.62,335.2,337.63,333.37,,
2021.9.20,334.42,334.09,337.38,330.86,,
2021.9.17,335.11,339.07,341.46,334.83,,
2021.9.16,340.51,343.38,344.62,340.02,,
2021.9.15,343.31,343.04,345.57,341.45,,
2021.9.14,343.82,346.27,347.21,343.03,,
2021.9.13,345.22,348.57,349.13,344.24,,
2021.9.10,345.86,350.44,350.44,345.79,,
2021.9.9,350.71,351.71,352.77,350.6,,
2021.9.8,352.77,346.72,353.78,345.7,,
2021.9.7,346.57,350.64,350.64,346.04,,
2021.9.3,351.39,353.22,353.74,350.65,,
2021.9.2,354.23,351.75,354.25,351.71,,
2021.9.1,351.38,347.65,352.47,347.3,,
2021.8.31,346.86,346.71,348.69,345.32,,
2021.8.30,347.19,346.22,348.09,345.5,,
2021.8.27,346.58,347.33,348.24,346.03,,
2021.8.26,346.69,347.47,347.73,346.04,,
2021.8.25,347.9,347.11,348.95,345.26,,
2021.8.24,347.2,349.58,349.58,344.99,,
2021.8.23,349.4,354.03,354.03,348.86,,
2021.8.20,354.06,349.18,354.31,347.41,,
2021.8.19,349.79,348.35,352.5,348.24,,
2021.8.18,348.45,350.15,350.77,347.22,,
2021.8.17,350.09,349.3,350.22,346.69,,
2021.8.16,350.05,348.25,352.47,347.57,,
2021.8.13,347.79,346.21,348.25,345.55,,
2021.8.12,345.84,344.99,346.95,344.64,,
2021.8.11,345.84,343.63,347.37,343.63,,
2021.8.10,342.69,342.57,343.89,341.2,,
2021.8.9,342.36,343.04,343.63,340.5,,
2021.8.6,342.76,342.97,345.11,341.76,,
2021.8.5,343.05,339.92,343.26,338.75,,
2021.8.4,339.22,338.25,339.61,335.05,,
2021.8.3,339.68,338.23,341.29,336.69,,
2021.8.2,337.62,336.12,339,335.7,,
2021.7.30,335.12,337.56,340.57,334.43,,
2021.7.29,338.06,337.96,339.06,336.2,,
2021.7.28,337.4,339.65,340.27,334.92,,
2021.7.27,339.73,333.68,340.49,332.04,,
2021.7.26,333.98,333.51,334.97,331.87,,
2021.7.23,334.01,330.58,334.34,330.24,,
2021.7.22,329.79,329.65,331.17,328.82,,
2021.7.21,329.23,333.18,333.91,329.09,,
2021.7.20,332.88,332.14,336.28,332,,
2021.7.19,331.59,335.53,338.06,327.85,,
2021.7.16,336.94,334.26,338.59,333.66,,
2021.7.15,333.63,328.73,333.81,328.73,,
2021.7.14,329.69,327.13,331.17,325.6,,
2021.7.13,326.96,329.19,329.95,325.84,,
2021.7.12,329.47,328.02,329.7,326.53,,
2021.7.9,328.55,328.71,329.27,325.78,,
2021.7.8,328.03,327.77,329.88,326.57,,
2021.7.7,328.83,326.88,328.98,325.22,,
2021.7.6,326.92,325.4,327.01,321.72,,
2021.7.2,325.48,325.59,325.84,323.93,,
2021.7.1,325.22,320.84,326.2,320.84,,
2021.6.30,321.58,322.09,323.14,320.41,,
2021.6.29,322.11,326.58,328.42,321.3,,
2021.6.28,327.53,326.95,329.15,326.31,,
2021.6.25,325.54,322.07,325.65,321.75,,
2021.6.24,321.89,322.63,322.78,320.57,,
2021.6.23,322.21,325.32,325.46,321.35,,
2021.6.22,325.63,327.26,328.67,325.59,,
2021.6.21,327.85,324.99,328.49,322.82,,
2021.6.18,323.41,330.91,330.91,323.12,,
2021.6.17,332.14,330.2,334.04,329.33,,
2021.6.16,330.53,336.48,337.49,330.35,,
2021.6.15,335.54,334.7,337.31,333.93,,
2021.6.14,334.37,334.05,335.28,332.51,,
2021.6.11,333.99,332.91,334.07,331.55,,
2021.6.10,333.06,331.08,333.46,330.4,,
2021.6.9,330.82,328.67,331.5,328.09,,
2021.6.8,328.02,331.63,331.75,326.73,,
2021.6.7,331.02,330.86,331.44,330.17,,
2021.6.4,330.4,331.89,332.3,330.08,,
2021.6.3,330.9,327.13,332.05,326.58,,
2021.6.2,329.17,327.99,331.01,326.76,,
2021.6.1,327.53,330.58,330.58,326.73,,
2021.5.28,329.58,329.2,330.93,328.8,,
2021.5.27,328.07,331.08,331.08,327.83,,
2021.5.26,330.25,330.33,331.59,329.29,,
2021.5.25,330.25,334.1,334.1,329.44,,
2021.5.24,334.18,336.32,336.95,334.08,,
2021.5.21,334.86,333.63,336.03,332.53,,
2021.5.20,333.07,330.72,335.12,330.72,,
2021.5.19,330.36,329.45,330.5,326.46,,
2021.5.18,330.93,330.41,332.02,329.6,,
2021.5.17,330.94,333.63,335.55,330.64,,
2021.5.14,333.82,333.29,335.91,333.25,,
2021.5.13,332.53,326.76,334.37,326.32,,
2021.5.12,326.69,334.08,334.08,326.53,,
2021.5.11,334.56,337.99,338.38,332.18,,
2021.5.10,338.6,335.91,341.96,335.91,,
2021.5.7,335.2,334.3,337.78,334.14,,
2021.5.6,334.37,332.52,334.62,330.55,,
2021.5.5,331.91,336.99,337.19,330.1,,
2021.5.4,337.69,338.54,339.23,335.5,,
2021.5.3,338.87,339.44,342.09,338.42,,
2021.4.30,339,337.04,339.05,335.1,,
2021.4.29,336.43,333.73,336.56,333.42,,
2021.4.28,333.44,334.38,335.05,331.97,,
2021.4.27,333.94,336.03,336.14,333.41,,
2021.4.26,336.47,338.7,338.7,335.58,,
2021.4.23,338.32,339.07,340.16,337.64,,
2021.4.22,338.91,341.21,342.31,338.66,,
2021.4.21,341.27,344.68,345.9,340.16,,
2021.4.20,344.36,340.12,345.14,339.94,,
2021.4.19,339.89,342.05,342.43,339.13,,
2021.4.16,341.56,339.93,342.97,339.59,,
2021.4.15,338.81,335.04,339.07,335.04,,
2021.4.14,335.1,332.71,335.17,332.13,,
2021.4.13,333.76,328.42,334.3,327.8,,
2021.4.12,329.73,329.78,332.11,328.74,,
2021.4.9,329.5,330.21,331.49,328.83,,
2021.4.8,329.73,330.98,331.91,329.18,,
2021.4.7,330.08,330.67,331.82,328.41,,
2021.4.6,330.49,327.73,330.56,326.14,,
2021.4.5,328.76,326.13,330.8,326.11,,
2021.4.1,325.2,324.95,325.73,323.02,,
2021.3.31,325.26,323.38,326.07,322.69,,
2021.3.30,323.17,324.73,324.73,320.76,,
2021.3.29,326.18,322.35,327.67,322.2,,
2021.3.26,322.73,321.25,322.99,318.46,,
2021.3.25,321.48,319.67,322.61,317.85,,
2021.3.24,318.32,316.54,320.43,316.1,,
2021.3.23,318.3,313.6,319.4,312.76,,
2021.3.22,313.52,313.27,314.89,311.3,,
2021.3.19,313.87,313.32,316.7,309.91,,
2021.3.18,313.18,314.24,315.19,310.98,,
2021.3.17,314.29,319.04,319.04,314,,
2021.3.16,319.49,317.89,320.25,317.58,,
2021.3.15,319.17,315.58,319.86,315.58,,
2021.3.12,314.9,311.96,315.98,310.91,,
2021.3.11,310.93,311.17,314.91,310.86,,
2021.3.10,311.75,310.09,312.69,308.72,,
2021.3.9,309.66,307.05,310.68,306.91,,
2021.3.8,305.77,302.48,308.38,301.67,,
2021.3.5,301.59,297.93,302.99,295.45,,
2021.3.4,296.87,297.64,302.41,295.3,,
2021.3.3,297.37,300.32,300.32,294.84,,
2021.3.2,300.91,302.5,303.1,299.34,,
2021.3.1,301.74,298.16,305.27,298.16,,
2021.2.26,295.35,301.4,303.75,295.3,,
2021.2.25,300.95,302.95,304.49,299.52,,
2021.2.24,303.92,307.03,307.31,303.83,,
2021.2.23,307.45,306.36,308.49,304.7,,
2021.2.22,305.02,310.71,310.71,302.15,,
2021.2.19,311.06,315.65,315.67,310.89,,
2021.2.18,315.83,313.71,317.2,313.5,,
2021.2.17,314.11,313.79,314.48,311.89,,
2021.2.16,313.75,317.07,317.11,313.36,,
2021.2.12,317.37,318.81,320.25,315.76,,
2021.2.11,319.89,321.76,322.67,319.53,,
2021.2.10,322.21,323.06,323.48,320.06,,
2021.2.9,320.96,321.02,321.96,318.34,,
2021.2.8,320.63,323.7,323.89,319.53,,
2021.2.5,323.15,322.8,324.96,321.49,,
2021.2.4,321.42,319.06,321.88,318.04,,
2021.2.3,319.12,319.91,321.19,318.39,,
2021.2.2,320.08,318.48,324.99,317.43,,
2021.2.1,317.53,317.64,320.29,314.97,,
2021.1.29,316.02,316.06,319.16,313.83,,
2021.1.28,317.77,314.68,322.56,314.07,,
2021.1.27,313.98,320.9,322.37,312.77,,
2021.1.26,322.67,325.72,325.81,321.48,,
2021.1.25,325.91,318.81,326.46,318.38,,
2021.1.22,319.68,318.39,320.7,317.01,,
2021.1.21,319.15,320.55,320.91,318.66,,
2021.1.20,321.12,318,322.41,317.33,,
2021.1.19,319.15,322.1,322.1,318.64,,
2021.1.15,320.35,316.22,321.32,315.43,,
2021.1.14,317.29,318.7,318.7,315.45,,
2021.1.13,318.48,313.43,319.49,312.91,,
2021.1.12,312.42,313.67,314.59,308.6,,
2021.1.11,314.05,316.02,317.07,311.78,,
2021.1.8,317,314.9,317.52,314.35,,
2021.1.7,314.27,320.28,320.75,314.12,,
2021.1.6,318.51,313.17,320.59,312.01,,
2021.1.5,310.86,311.19,312.38,308.28,,
2021.1.4,310.76,318.91,319.3,309.11,,
2020.12.31,319.07,314.12,319.27,313.51,,
2020.12.30,314.09,312.35,315.21,312.35,,
2020.12.29,312.61,313.56,314.92,311.82,,
2020.12.28,312.77,312.89,314.74,311.58,,
2020.12.24,311.3,309.71,311.52,308.16,,
2020.12.23,309.16,311.51,313.71,309.15,,
2020.12.22,309.77,310.25,311.04,308.95,,
2020.12.21,310.45,311.81,311.81,306.97,,
2020.12.18,314.42,317.36,318.3,312.9,,
2020.12.17,317.19,316.37,319.45,316.37,,
2020.12.16,314.92,319.49,321.1,314.79,,
2020.12.15,318.57,313.94,319.59,312.56,,
2020.12.14,312.52,316.41,319.14,312.43,,
2020.12.11,314.19,312.66,314.65,312.16,,
2020.12.10,313.72,315.61,316.27,312.41,,
2020.12.9,315.33,315.94,316.72,313.31,,
2020.12.8,316.14,315.74,318.22,313.76,,
2020.12.7,317.11,314.43,318.69,314.43,,
2020.12.4,315.37,318.43,319.67,313.65,,
2020.12.3,318.69,320.74,321.72,317.79,,
2020.12.2,322.24,319.42,322.28,316.56,,
2020.12.1,320.1,320.07,324.45,319.88,,
2020.11.30,317.73,321.65,321.74,316.56,,
2020.11.27,322.46,325.58,325.58,321.14,,
2020.11.25,325.6,324.78,325.77,321.64,,
2020.11.24,325.21,324.38,325.87,322.64,,
2020.11.23,321.63,322.84,323.43,320.25,,
2020.11.20,321.68,321.28,323.88,320.09,,
2020.11.19,321.53,324.47,324.47,319.32,,
2020.11.18,324.87,333.57,333.57,324.8,,
2020.11.17,331.28,336.26,337.56,330.95,,
2020.11.16,338.09,338.08,338.82,334.24,,
2020.11.13,334.81,333.02,335.59,332.95,,
2020.11.12,331.75,335.72,335.97,329.25,,
2020.11.11,337.58,337.89,340.53,336.31,,
2020.11.10,336.42,333.69,337.23,331.94,,
2020.11.9,331.7,336.97,344.81,331.23,,
2020.11.6,325.77,327.03,329.44,324.88,,
2020.11.5,326.52,326.62,332.44,326.22,,
2020.11.4,323.47,327.52,331.6,323.37,,
2020.11.3,328.71,328.06,332.16,326.67,,
2020.11.2,323.99,319.82,324.31,318.22,,
2020.10.30,316.92,318.38,320.12,313.94,,
2020.10.29,319.92,317.32,323.9,314.06,,
2020.10.28,319.04,325.6,328.37,318.59,,
2020.10.27,328.7,329.06,332.1,327.29,,
2020.10.26,328.94,326.69,329.53,324.48,,
2020.10.23,329.11,329.62,330.43,327.36,,
2020.10.22,328.35,323.94,328.74,323.25,,
2020.10.21,323.64,323.36,325.74,322.73,,
2020.10.20,324.32,324.02,326.21,322.83,,
2020.10.19,322.49,325.22,326.84,321.7,,
2020.10.16,325.27,322.41,326.52,321.95,,
2020.10.15,321.78,318.96,323.61,318.19,,
2020.10.14,321.96,322.92,324.26,320.42,,
2020.10.13,322.45,322.78,323.3,318.95,,
2020.10.12,324.74,322.54,326.9,322.12,,
2020.10.9,322.55,324.09,324.56,320.53,,
2020.10.8,322.68,318.15,323.18,318.15,,
2020.10.7,316.97,316.68,318.28,314.6,,
2020.10.6,314.98,312.51,318.45,311.24,,
2020.10.5,312.31,309.08,313.2,307.31,,
2020.10.2,308.41,302,310.03,301.85,,
2020.10.1,304.95,302.28,305.59,301.99,,
2020.9.30,301.86,301.72,303.26,299.26,,
2020.9.29,299.06,300.19,302.14,297.73,,
2020.9.28,299.29,300.09,302.25,298.82,,
2020.9.25,298.51,292.22,298.78,291.55,,
2020.9.24,293.78,290.17,295.72,288.38,,
2020.9.23,290.39,295.39,295.67,290.25,,
2020.9.22,295.13,293.41,296.98,293.15,,
2020.9.21,293.25,292.53,294.54,289.37,,
2020.9.18,294.96,299.56,300.43,294.43,,
2020.9.17,300.35,300.54,302.08,298.13,,
2020.9.16,302.84,301.44,304.98,301.27,,
2020.9.15,303.49,302.4,307.82,301.8,,
2020.9.14,301.28,298.79,302.88,298.44,,
2020.9.11,297.4,296.88,298.24,295.04,,
2020.9.10,296.41,300.56,300.69,296.29,,
2020.9.9,301.76,300.07,305.69,299.81,,
2020.9.8,298.01,299.93,300.27,295.21,,
2020.9.4,299.79,302.72,303.58,295.97,,
2020.9.3,301.47,305.9,308.16,298.74,,
2020.9.2,305.31,296.26,306.6,295.47,,
2020.9.1,296.06,298.47,298.47,294.88,,
2020.8.31,299.46,298.14,301.29,298.14,,
2020.8.28,298.5,298.14,298.83,295.52,,
2020.8.27,297.71,297.62,299.76,295.86,,
2020.8.26,296.83,298.75,298.94,295.91,,
2020.8.25,300.45,303.81,303.81,299.36,,
2020.8.24,303.24,300.89,303.26,298.59,,
2020.8.21,300.44,300.7,301.1,297.57,,
2020.8.20,300.05,301.3,302.83,299.29,,
2020.8.19,302.73,304.29,304.6,302.26,,
2020.8.18,303.69,305.03,306.13,302.22,,
2020.8.17,305.18,305.67,307.89,304.23,,
2020.8.14,305.62,307.36,308.12,304.93,,
2020.8.13,308.43,307.74,309.21,306.24,,
2020.8.12,309.61,306.68,311.63,306.04,,
2020.8.11,305.17,312.45,312.94,304.42,,
2020.8.10,311.82,313.14,314.4,311.02,,
2020.8.7,312.12,305.61,313.24,305.56,,
2020.8.6,306.6,304.52,307.19,303.06,,
2020.8.5,305.02,309.35,309.66,303.86,,
2020.8.4,308.88,305.07,310.36,304.82,,
2020.8.3,305.6,308.51,308.58,304.03,,
2020.7.31,309.12,307.1,309.83,304.67,,
2020.7.30,308.5,306.3,308.57,304.86,,
2020.7.29,308.56,307.62,309.39,306.37,,
2020.7.28,307.22,301.53,309.73,301.53,,
2020.7.27,302.51,306.29,306.29,300.43,,
2020.7.24,306.37,309.2,312.03,304.72,,
2020.7.23,308.32,307.96,310.5,306.62,,
2020.7.22,307.97,301.23,309.16,299.07,,
2020.7.21,303.32,302.31,306.71,301.86,,
2020.7.20,301.92,304.98,305.6,301.47,,
2020.7.17,306.08,300.86,306.76,300.71,,
2020.7.16,299.25,295.86,299.98,294.94,,
2020.7.15,295.34,299.47,301.56,294.91,,
2020.7.14,296.64,293.8,298.29,293.8,,
2020.7.13,293.78,293.54,296.67,292.5,,
2020.7.10,293.66,288.07,294.34,288.07,,
2020.7.9,288.19,290.41,290.41,284.1,,
2020.7.8,292.01,288.97,292.96,288.47,,
2020.7.7,289.43,287.83,290.44,286.12,,
2020.7.6,290.44,295.24,296.99,288.27,,
2020.7.2,294.2,295.57,297.29,293.43,,
2020.7.1,293.53,286.88,294.77,286.86,,
2020.6.30,286.96,285.86,288.3,284.08,,
2020.6.29,285.79,282.48,285.79,279.67,,
2020.6.26,280.56,283.04,286.2,278.63,,
2020.6.25,283.48,286.33,286.33,280.15,,
2020.6.24,286.98,287.22,288.8,283.72,,
2020.6.23,289.7,295.01,295.63,288.97,,
2020.6.22,292.8,289.08,294.42,287.1,,
2020.6.19,288.92,301.82,301.82,288.92,,
2020.6.18,298.17,296.59,299,295.2,,
2020.6.17,298.3,300.48,300.48,295.46,,
2020.6.16,299.22,304.99,306.7,297.65,,
2020.6.15,297.85,290.56,300.05,288.13,,
2020.6.12,296,302.42,302.42,292.24,,
2020.6.11,296.64,304.01,304.1,294.62,,
2020.6.10,308.93,310.78,312.61,307.89,,
2020.6.9,310.6,313.96,313.96,307.3,,
2020.6.8,317.33,308.79,318.22,307.15,,
2020.6.5,309.17,307.9,314.9,307.61,,
2020.6.4,305.03,308.9,309.53,301.23,,
2020.6.3,311.09,308.61,313.08,308.54,,
2020.6.2,307.11,306.69,307.46,303.26,,
2020.6.1,305.28,301.64,307.12,299.79,,
2020.5.29,302.05,297.98,303.36,297.13,,
2020.5.28,299.66,294.83,300.81,294.54,,
2020.5.27,290.83,292.29,293.04,286.93,,
2020.5.26,287.76,290.29,293,287.19,,
2020.5.22,285.67,282.31,285.75,281.55,,
2020.5.21,282.46,284.7,286.56,281.87,,
2020.5.20,285.33,286.22,288.55,284.28,,
2020.5.19,283.92,287.02,288.1,283.82,,
2020.5.18,288.82,284.55,290.47,284.53,,
2020.5.15,277.34,278.96,278.96,273.02,,
2020.5.14,281.3,275.76,281.99,271.74,,
2020.5.13,278.65,279.52,280.23,275.56,,
2020.5.12,281.18,284.66,285.64,280.7,,
2020.5.11,283.74,282.71,284.81,278.7,,
2020.5.8,285.1,282.87,285.87,281.45,,
2020.5.7,279.48,281.6,284.27,278.94,,
2020.5.6,278.26,289.22,289.29,277.97,,
2020.5.5,288.39,286.91,291.79,286.73,,
2020.5.4,285.74,283.89,286.62,280.69,,
2020.5.1,283.6,287.67,287.67,282.18,,
2020.4.30,290.71,295.92,295.92,288.31,,
2020.4.29,297.8,305.28,305.28,296.55,,
2020.4.28,300.56,303.86,306.89,299.28,,
2020.4.27,299.5,298.29,301.63,297.87,,
2020.4.24,296.27,294.7,297.59,291.31,,
2020.4.23,294.42,299.87,301.34,293.03,,
2020.4.22,299.7,296.02,301.58,294.64,,
2020.4.21,291.12,291.08,294.59,287.88,,
2020.4.20,295.87,305,305,295.58,,
2020.4.17,307.83,303.92,309.22,300.26,,
2020.4.16,297.96,299.68,300.65,295.16,,
2020.4.15,297.74,301.95,302.87,296.34,,
2020.4.14,308.09,305.87,308.54,302.98,,
2020.4.13,299.19,306.28,307.15,296.37,,
2020.4.9,309.35,298.47,313.95,298.47,,
2020.4.8,295.33,281.77,297.54,279.32,,
2020.4.7,280.17,291.36,291.44,279.65,,
2020.4.6,283.61,272.87,286.23,272.57,,
2020.4.3,262.97,269.57,273.03,261.12,,
2020.4.2,272.85,260.73,274.7,260.73,,
2020.4.1,264.53,270.23,274.12,259.54,,
2020.3.31,281.77,290.38,290.47,280.81,,
2020.3.30,293.57,287.45,295.1,284.37,,
2020.3.27,283.1,272.34,293.19,272.08,,
2020.3.26,281.63,260.08,284.57,259.97,,
2020.3.25,259.84,251.37,270.15,245.89,,
2020.3.24,252.66,236.46,253.89,235.43,,
2020.3.23,227.75,236.84,237.57,220.86,,
2020.3.20,240.57,262.69,262.69,239.16,,
2020.3.19,262,276.62,276.62,260.64,,
2020.3.18,277.16,285.09,285.09,262.88,,
2020.3.17,290.64,260.99,292.65,260.99,,
2020.3.16,256.95,276.22,284.17,256.04,,
2020.3.13,290.48,282.48,290.48,270.06,,
2020.3.12,275.2,299.11,299.11,273.43,,
2020.3.11,306.44,315.47,315.48,302.12,,
2020.3.10,322.9,323.59,328.72,308.52,,
2020.3.9,319.67,332.03,332.03,314.96,,
2020.3.6,338.78,336.95,339.88,326.23,,
2020.3.5,341.41,342.01,346.06,337.52,,
2020.3.4,347.07,332.01,347.26,332.01,,
2020.3.3,328.38,331.94,339.2,327.02,,
2020.3.2,332.25,315.17,332.64,315,,
2020.2.28,313.85,317.39,317.39,306.4,,
2020.2.27,324.63,338.96,340.43,324.61,,
2020.2.26,340.61,344.25,347.17,340.54,,
2020.2.25,343.93,351.91,352.52,343.54,,
2020.2.24,351.54,354.37,356.01,351.48,,
2020.2.21,355.67,356.13,358,355.37,,
2020.2.20,356.32,355.25,356.57,353.61,,
2020.2.19,355.2,357.4,358.09,355.18,,
2020.2.18,359.13,357.36,359.84,356.61,,
2020.2.14,356.33,354.41,356.63,354.15,,
2020.2.13,354.04,350.45,354.35,350.19,,
2020.2.12,350.46,349.64,351.65,348.92,,
2020.2.11,350.39,350,351.52,349.73,,
2020.2.10,349.06,348.38,349.06,347.11,,
2020.2.7,347.89,349.73,350.28,347.79,,
2020.2.6,348.98,349.66,350.72,348.26,,
2020.2.5,349.07,347.31,349.97,346.1,,
2020.2.4,347.61,351.04,352.09,347.4,,
2020.2.3,351.22,350.74,351.58,349.95,,
2020.1.31,350.08,351.16,352.39,348.35,,
2020.1.30,351.64,348.3,351.93,347.42,,
2020.1.29,348.53,347.83,349.06,346.48,,
2020.1.28,347.48,346.54,349.07,345.82,,
2020.1.27,346.2,346.83,349.24,345.3,,
2020.1.24,347.25,345.69,348.27,344.81,,
2020.1.23,346.11,342.8,346.18,342.72,,
2020.1.22,342.96,342.84,344.04,342.59,,
2020.1.21,341.95,339.58,342.22,338.35,,
2020.1.17,339.11,336.74,339.4,335.68,,
2020.1.16,336.55,334.84,336.92,334.68,,
2020.1.15,334.52,330.89,335.03,330.89,,
2020.1.14,329.88,328.81,329.95,327.45,,
2020.1.13,328.97,326.82,329.9,326.75,,
2020.1.10,326.82,326.7,328,326.53,,
2020.1.9,326.03,323.9,326.4,323.76,,
2020.1.8,324.33,324.62,325.67,323.8,,
2020.1.7,324.34,324.23,324.55,322.65,,
2020.1.6,324.98,324.37,325.76,323.68,,
2020.1.3,324.18,323.33,325.68,323.32,,
2020.1.2,323.82,328.65,328.65,322.7,,
2019.12.31,328.36,326.84,328.46,326.33,,
2019.12.30,326.67,325.86,326.74,325.06,,
2019.12.27,326.82,325.95,326.84,325.36,,
2019.12.26,325.96,325.51,326.28,324.72,,
2019.12.24,325.36,325.04,325.59,323.74,,
2019.12.23,325.02,328.41,328.91,324.21,,
2019.12.20,328.25,327.79,329.88,325.9,,
2019.12.19,325.71,325.73,326.36,323.93,,
2019.12.18,325.89,325.04,326.28,323.06,,
2019.12.17,324.48,323.77,326.52,323.33,,
2019.12.16,323.71,320.33,323.71,319.56,,
2019.12.13,319.58,317.01,320.01,315.92,,
2019.12.12,316.92,318.23,319.28,315.7,,
2019.12.11,318.48,317.61,318.92,316.82,,
2019.12.10,317.43,317.75,318.17,316.76,,
2019.12.9,317.56,319.3,319.39,317.11,,
2019.12.6,319.12,319.45,320.81,318.95,,
2019.12.5,319.83,319.47,319.9,318.04,,
2019.12.4,319.77,316.81,320.12,316.8,,
2019.12.3,317.48,316.79,317.79,316.44,,
2019.12.2,315.9,317.56,317.66,315.7,,
2019.11.29,318.36,319.34,320.59,318.12,,
2019.11.27,318.81,318.57,319.07,317.18,,
2019.11.26,318.51,317.38,318.83,317.04,,
2019.11.25,317.3,318.59,319.56,316.65,,
2019.11.22,318.47,319.19,319.25,316.13,,
2019.11.21,318.39,319.27,319.69,317.3,,
2019.11.20,319.57,317.62,319.88,317.27,,
2019.11.19,317.58,317.3,319.3,316.15,,
2019.11.18,318.39,318.46,321,317.86,,
2019.11.15,317.84,316.97,317.85,315.93,,
2019.11.14,317,316.29,318.53,315.84,,
2019.11.13,316.28,312.4,316.91,312.39,,
2019.11.12,311.71,311.25,312.26,310.79,,
2019.11.11,310.94,313.1,313.43,310.68,,
2019.11.8,313.06,313.47,314.59,311.56,,
2019.11.7,314.25,317.19,317.27,312.23,,
2019.11.6,318.54,318.25,320.05,317.84,,
2019.11.5,317.71,319.54,320.41,316.82,,
2019.11.4,321,325.09,325.09,319.78,,
2019.11.1,325.17,326.19,327.22,324.59,,
2019.10.31,325.85,324.55,326.4,323.45,,
2019.10.30,324.36,321.65,325.1,321.55,,
2019.10.29,321.58,320.91,322.13,320.03,,
2019.10.28,321.23,324.1,324.71,320.8,,
2019.10.25,325.49,329.58,329.58,324.32,,
2019.10.24,329.07,327.88,329.53,327.61,,
2019.10.23,327.78,327.2,328.63,326.45,,
2019.10.22,326.58,325.72,328.02,325.09,,
2019.10.21,325.13,324.03,325.28,323,,
2019.10.18,323.94,322.54,324.57,321.33,,
2019.10.17,322.76,321.85,323.47,321.21,,
2019.10.16,322.03,320.77,322.14,319.61,,
2019.10.15,321.27,322.38,323.23,320.49,,
2019.10.14,322.23,325.12,325.24,321.42,,
2019.10.11,324.41,325.47,326.41,323.36,,
2019.10.10,325.54,324.7,326.27,322.76,,
2019.10.9,325.92,325.29,327.21,324.51,,
2019.10.8,324.27,327.27,327.34,324.27,,
2019.10.7,327.59,328.62,328.83,326.67,,
2019.10.4,329.06,324.71,329.42,324.2,,
2019.10.3,324.12,323.86,324.26,321.89,,
2019.10.2,323.25,327.22,327.53,322.63,,
2019.10.1,327.49,327.84,328.13,326.09,,
2019.9.30,328.49,328.6,330.16,327.65,,
2019.9.27,328.29,329.79,329.79,326.54,,
2019.9.26,329.42,328.59,330.47,328.08,,
2019.9.25,327.84,327.85,328.15,326.08,,
2019.9.24,327.93,325.43,329.12,325.17,,
2019.9.23,324.5,324.07,325.43,323.58,,
2019.9.20,324.08,323.01,324.51,321.87,,
2019.9.19,322.88,322.44,323.22,321.2,,
2019.9.18,321.72,321.18,322.57,319.4,,
2019.9.17,320.21,317.83,320.9,317.83,,
2019.9.16,317.38,317.44,317.88,315.79,,
2019.9.13,317.12,317.59,319.39,316.13,,
2019.9.12,318.94,319.94,321.32,317.83,,
2019.9.11,318.51,315.04,318.77,313.68,,
2019.9.10,315.43,314.65,315.44,312.78,,
2019.9.9,315.12,316.15,316.55,314.48,,
2019.9.6,317.09,318.6,319.58,315.86,,
2019.9.5,318.15,319.69,320.14,317.14,,
2019.9.4,321.98,322.34,322.9,319.89,,
2019.9.3,321.51,315.94,321.56,315.76,,
2019.8.30,315.97,316.76,317.02,314.99,,
2019.8.29,315.82,314.99,315.91,313,,
2019.8.28,313.8,314.96,316.03,312.63,,
2019.8.27,314.62,315.7,316.94,314.49,,
2019.8.26,314.19,311.3,314.23,310.67,,
2019.8.23,310.52,314.49,315.52,309.15,,
2019.8.22,313.82,313.55,314.34,311.35,,
2019.8.21,313.61,311.43,313.63,311.02,,
2019.8.20,311.51,312.5,312.58,310.34,,
2019.8.19,312.07,310.01,313.13,309.02,,
2019.8.16,309.93,309.2,311.05,308.58,,
2019.8.15,308.83,304.59,309.8,304.23,,
2019.8.14,304.99,308.25,309.56,304.33,,
2019.8.13,307.88,306.79,308.89,305.76,,
2019.8.12,307.4,308.49,309.01,306.28,,
2019.8.9,308.29,308.66,309.68,307.26,,
2019.8.8,308.18,304.78,308.8,303.19,,
2019.8.7,305.06,304.14,306.81,300.15,,
2019.8.6,304.4,300.7,305.45,297.6,,
2019.8.5,300.49,305.31,306.32,299.05,,
2019.8.2,305.1,305.87,307.53,304.33,,
2019.8.1,304.94,301.47,306.65,300.69,,
2019.7.31,301.9,303.78,304.95,300.31,,
2019.7.30,303.49,305.41,306.51,301.98,,
2019.7.29,305.83,305,306.29,303.44,,
2019.7.26,304.33,303.24,305.42,302.74,,
2019.7.25,303.08,303.69,305.02,301.7,,
2019.7.24,303.99,304.65,305.04,301.6,,
2019.7.23,303.77,305.5,305.71,303.13,,
2019.7.22,305.64,306.67,306.94,303.86,,
2019.7.19,306.2,310.44,310.86,306.16,,
2019.7.18,310.7,308.3,310.82,306.4,,
2019.7.17,308.26,307.99,309.86,307.85,,
2019.7.16,306.93,308.17,308.95,305.34,,
2019.7.15,308.69,307.36,309.11,306.36,,
2019.7.12,307.55,309.8,309.8,306.36,,
2019.7.11,309.53,309.17,310.56,306.91,,
2019.7.10,309.42,309.11,311.03,308.06,,
2019.7.9,308.44,308.33,308.77,306.2,,
2019.7.8,308.25,308.31,309.14,306.38,,
2019.7.5,307.9,306.21,308.25,303.1,,
2019.7.3,308.42,306.29,309.9,306.29,,
2019.7.2,305.84,303.22,306.47,303.02,,
2019.7.1,302.09,302.91,303.17,299.23,,
2019.6.28,303.04,301.39,304.28,301.02,,
2019.6.27,301.47,301.75,302.84,300.37,,
2019.6.26,301.09,306.98,307.13,300.96,,
2019.6.25,307.71,309.82,309.89,307.13,,
2019.6.24,309.64,310.02,310.6,308.52,,
2019.6.21,309.59,308.18,310.09,305.96,,
2019.6.20,308.15,307.45,309.13,304.88,,
2019.6.19,306.49,303.08,307.66,302.77,,
2019.6.18,304.03,306.86,306.86,302.02,,
2019.6.17,304.98,306.28,306.91,303.42,,
2019.6.14,306.01,303.53,306.71,303.33,,
2019.6.13,303,303.1,303.91,301.03,,
2019.6.12,302.54,299.6,302.95,299.45,,
2019.6.11,298.56,300.36,301.13,296.89,,
2019.6.10,300.64,302.14,302.14,299,,
2019.6.7,302.45,306.64,308.21,302.45,,
2019.6.6,304.8,303.35,305.48,302.7,,
2019.6.5,303.47,298.08,304.41,297.32,,
2019.6.4,297.11,297.09,297.44,291.53,,
2019.6.3,296.99,294.69,297.22,293.41,,
2019.5.31,293.95,292.76,294.67,291.3,,
2019.5.30,292.65,293.2,294.84,291.85,,
2019.5.29,293.05,297.8,298.03,292.47,,
2019.5.28,297.03,302.22,302.34,296.69,,
2019.5.24,301.9,302.68,304.38,301.78,,
2019.5.23,302.53,300.19,302.59,300.13,,
2019.5.22,300.07,298.14,300.36,297.37,,
2019.5.21,297.64,297.73,300.34,297.02,,
2019.5.20,297.46,297.59,299.11,296.54,,
2019.5.17,296.96,293.79,298.05,293.79,,
2019.5.16,295.53,293.25,296.47,292.7,,
2019.5.15,293.82,294.45,295.61,293.51,,
2019.5.14,294.22,296.15,296.67,293.88,,
2019.5.13,296.79,292.73,297.26,292.51,,
2019.5.10,293.54,288.19,293.67,287.84,,
2019.5.9,288.54,288.83,289.99,287,,
2019.5.8,288.8,292.5,292.57,288.64,,
2019.5.7,292.84,293.38,294.08,291.6,,
2019.5.6,293.76,295.58,296.25,293.27,,
2019.5.3,295.65,294.16,296.01,293.58,,
2019.5.2,293.75,294.61,295.58,291.81,,
2019.5.1,294.58,296.28,297.52,294.41,,
2019.4.30,297.75,293.04,297.87,292.49,,
2019.4.29,292.85,294.04,294.47,291.71,,
2019.4.26,294.72,295.62,297.55,294.42,,
2019.4.25,294.25,291.96,295.35,291.46,,
2019.4.24,292.98,291.63,294.01,291.41,,
2019.4.23,291.39,290.51,292.02,289.12,,
2019.4.22,290.31,290.44,291.4,289.75,,
2019.4.18,290.64,290.82,292.62,290.56,,
2019.4.17,290.59,291.31,291.94,290.17,,
2019.4.16,291.21,295.18,295.96,290.64,,
2019.4.15,295.3,295.58,296.47,294.5,,
2019.4.12,295.3,292.94,295.55,291.37,,
2019.4.11,293.83,292.34,293.93,292.1,,
2019.4.10,292.22,293.85,295.87,291.76,,
2019.4.9,293.33,292.5,293.57,292,,
2019.4.8,292.56,294.14,294.4,291.86,,
2019.4.5,294.7,292.12,294.81,291.52,,
2019.4.4,291.77,293.39,293.59,290.21,,
2019.4.3,292.92,293.11,294.14,290.85,,
2019.4.2,293.37,293.74,293.74,291.6,,
2019.4.1,293.05,295.12,295.12,291.29,,
2019.3.29,295.15,293.32,295.35,292.38,,
2019.3.28,293.38,297.09,297.81,292.5,,
2019.3.27,297.08,299.06,299.19,295.73,,
2019.3.26,299.08,297.19,299.29,296.86,,
2019.3.25,297.01,296.92,297.88,295.86,,
2019.3.22,296.66,295.19,298.76,295.03,,
2019.3.21,294.63,291.75,295.2,291.28,,
2019.3.20,291.56,291.2,293.85,290.13,,
2019.3.19,290.73,294.05,294.2,289.82,,
2019.3.18,294.2,295.42,295.68,292.94,,
2019.3.15,295.41,294.05,296.23,293.07,,
2019.3.14,294.03,294.47,295.93,293.23,,
2019.3.13,294.43,293.62,295.12,293.43,,
2019.3.12,294,292.77,294.35,292.16,,
2019.3.11,292.2,290.24,292.25,290.03,,
2019.3.8,290.08,289.58,290.12,287.33,,
2019.3.7,289.04,288.89,290.82,288.24,,
2019.3.6,288.29,288.51,289.33,287.25,,
2019.3.5,288.19,288.43,289.29,287.8,,
2019.3.4,288.68,288.78,289.23,285.8,,
2019.3.1,288.07,287.7,288.38,285.79,,
2019.2.28,287.53,285.91,288.35,284.64,,
2019.2.27,286.36,285.33,287.08,284.92,,
2019.2.26,286.04,287.13,287.13,284.65,,
2019.2.25,286.47,288.22,288.36,285.33,,
2019.2.22,288.33,286.63,288.33,285.79,,
2019.2.21,286.59,283.33,287,282.61,,
2019.2.20,284.46,282.8,284.98,281.57,,
2019.2.19,283.2,281.6,283.53,280.93,,
2019.2.15,281.68,281.96,282.78,280.71,,
2019.2.14,280.89,281.55,282.48,280.17,,
2019.2.13,281.77,281.87,282.43,280.63,,
2019.2.12,282.63,282.65,284.11,280.54,,
2019.2.11,282.14,282.16,283.64,281.21,,
2019.2.8,282.38,280.65,282.39,279.81,,
2019.2.7,281,277.22,281,276.15,,
2019.2.6,277.47,277.4,278.65,276.2,,
2019.2.5,277.75,277.17,278.28,275.72,,
2019.2.4,277.42,275.67,277.42,273.64,,
2019.2.1,276.84,277.3,277.81,274.42,,
2019.1.31,277.67,271.83,278.6,270.87,,
2019.1.30,272.03,269.52,273.32,269.43,,
2019.1.29,270.27,270.17,271.43,269.28,,
2019.1.28,269.5,270.72,271.73,268.2,,
2019.1.25,270.75,273.43,274.78,270.32,,
2019.1.24,274.39,273.35,274.61,270.89,,
2019.1.23,273.07,270.25,273.12,270.06,,
2019.1.22,270.15,269.85,271.71,267.6,,
2019.1.18,269.76,269.88,270.65,268.53,,
2019.1.17,269.44,268.44,269.99,267.85,,
2019.1.16,268.3,266.66,268.4,265.39,,
2019.1.15,267.57,263.22,268.72,262.95,,
2019.1.14,264.22,268.23,268.23,261.61,,
2019.1.11,270.25,271.01,271.18,268.71,,
2019.1.10,271.44,268.11,271.7,267.71,,
2019.1.9,267.67,268.93,270.21,266.94,,
2019.1.8,269.43,266.24,269.61,264.93,,
2019.1.7,266.08,266.81,267.37,264.59,,
2019.1.4,267.99,262.96,267.99,262.96,,
2019.1.3,264.07,264.04,266.15,262.71,,
2019.1.2,263.86,267.7,267.7,262.44,,
2018.12.31,268.61,268.38,269.29,266.04,,
2018.12.28,268.09,268.45,270.8,267.14,,
2018.12.27,268.11,265.35,268.11,261.2,,
2018.12.26,265.79,261.88,265.84,258.16,,
2018.12.24,261.7,273.41,274.75,260.89,,
2018.12.21,273.36,275.07,281.44,272.63,,
2018.12.20,275.3,274.71,278.33,271.45,,
2018.12.19,274.55,275.78,277.79,273.13,,
2018.12.18,275.15,277.9,280.5,274.32,,
2018.12.17,276.93,286.37,286.93,275.92,,
2018.12.14,286.28,286.89,287.85,284.69,,
2018.12.13,287.02,284.71,288.2,284.71,,
2018.12.12,284.51,286.62,287.75,284.36,,
2018.12.11,286.17,285.58,287.24,284.1,,
2018.12.10,285.32,284.39,286.1,279.71,,
2018.12.7,284.46,283.32,286.24,281.27,,
2018.12.6,283.32,284.11,284.38,277.86,,
2018.12.4,283.61,283.62,286.74,282.99,,
2018.12.3,283.19,279.62,283.22,278.11,,
2018.11.30,280.71,276.99,280.87,276.48,,
2018.11.29,276.46,276.83,276.83,273.71,,
2018.11.28,276.87,277.52,278.06,275.92,,
2018.11.27,277.21,274.85,277.34,273.72,,
2018.11.26,274.81,273.33,275.12,272.38,,
2018.11.23,273.34,273.1,273.99,271.56,,
2018.11.21,273,276.09,276.36,272.47,,
2018.11.20,277.09,279.63,281.23,275.65,,
2018.11.19,278.5,276.56,278.66,275.8,,
2018.11.16,277.07,276.13,278.03,275.26,,
2018.11.15,273.5,273.65,274.31,270.86,,
2018.11.14,275.62,276.16,278.08,274.86,,
2018.11.13,278.77,277.63,279.44,275.59,,
2018.11.12,277.81,275.55,280.69,273.75,,
2018.11.9,277.9,277.52,279.21,276.14,,
2018.11.8,277.64,278.43,279.2,275.33,,
2018.11.7,278.38,276.04,278.61,275.01,,
2018.11.6,275.4,273.4,275.68,272.71,,
2018.11.5,273.31,270.52,274.33,270.23,,
2018.11.2,269.55,272.17,272.44,267.79,,
2018.11.1,270.94,272.69,272.8,269.31,,
2018.10.31,272.38,273.62,274.98,270.71,,
2018.10.30,275.55,275.7,277.22,272.47,,
2018.10.29,274.75,271.74,275.77,271.66,,
2018.10.26,271.09,276.92,278.03,269.04,,
2018.10.25,275.78,278.64,278.64,274.62,,
2018.10.24,279.97,274.88,281.53,273.91,,
2018.10.23,273.68,275.49,277.3,272.52,,
2018.10.22,275.1,277.02,277.4,274.5,,
2018.10.19,276.99,272.75,278.34,272.75,,
2018.10.18,272.69,272.83,274.29,271.27,,
2018.10.17,272.47,272.64,273.52,270.79,,
2018.10.16,272.89,269.87,274.22,268.75,,
2018.10.15,269.75,268.94,271.61,268.57,,
2018.10.12,268.8,268.61,269.46,266.47,,
2018.10.11,268.63,274.78,275.37,267.7,,
2018.10.10,274.03,275.5,278.45,273.93,,
2018.10.9,275.5,274.85,276.74,273.87,,
2018.10.8,274.34,272.85,276.21,272.01,,
2018.10.5,272.24,268.06,272.98,268.05,,
2018.10.4,268.04,266.22,268.48,264.05,,
2018.10.3,266.59,269.76,270.78,264.37,,
2018.10.2,269.9,267.13,270.53,267.13,,
2018.10.1,266.47,266.78,266.78,265.24,,
2018.9.28,267.28,263.92,267.29,263.92,,
2018.9.27,263.31,261.01,264.65,260.68,,
2018.9.26,260.81,263.7,264.53,260.62,,
2018.9.25,263.56,266.35,266.35,262.84,,
2018.9.24,266.82,268.96,269.28,266.7,,
2018.9.21,269.2,268.12,270.23,266.58,,
2018.9.20,268.15,267.54,268.35,265.1,,
2018.9.19,267.83,273.87,273.87,266.52,,
2018.9.18,273.64,274.18,274.67,272.48,,
2018.9.17,274.22,273.63,274.58,272.71,,
2018.9.14,273.39,274.07,274.07,271.02,,
2018.9.13,274.87,272.94,274.93,271.42,,
2018.9.12,272.77,272.93,274.52,272.3,,
2018.9.11,273.01,273.85,274.78,272.58,,
2018.9.10,273.96,272.98,274.91,272.89,,
2018.9.7,272.37,273.95,274.54,271.85,,
2018.9.6,275.68,274.52,276.86,273.77,,
2018.9.5,274.62,271.35,274.81,271.29,,
2018.9.4,271.17,270.38,272.38,270.38,,
2018.8.31,269.7,270.93,272.33,268.69,,
2018.8.30,270.91,270.83,272.3,269.95,,
2018.8.29,270.56,269.54,270.68,269.06,,
2018.8.28,268.98,269.21,269.88,268.22,,
2018.8.27,269.55,271.56,272.14,268.27,,
2018.8.24,271.28,270.29,271.5,268.76,,
2018.8.23,270.1,270.17,271.96,269.58,,
2018.8.22,270.14,272.38,272.55,269.27,,
2018.8.21,272.25,274.08,274.08,271.51,,
2018.8.20,274.22,275.24,275.42,273.64,,
2018.8.17,275.17,273.92,276.45,273.17,,
2018.8.16,274.12,270.76,274.25,270.03,,
2018.8.15,271.09,269.43,272.99,269.2,,
2018.8.14,269.04,268.33,269.98,268.23,,
2018.8.13,268.59,268.34,269.06,267.37,,
2018.8.10,268.35,269.92,271.68,268.22,,
2018.8.9,269.44,268.02,269.6,267.21,,
2018.8.8,268.35,269.29,269.29,267.47,,
2018.8.7,269.8,269.98,270.31,267.76,,
2018.8.6,270.39,270.07,271.85,269.8,,
2018.8.3,270.05,267.29,270.81,266.29,,
2018.8.2,267.29,265.67,267.93,264.16,,
2018.8.1,265.88,266.66,266.66,263.6,,
2018.7.31,268.11,266.01,268.37,265.44,,
2018.7.30,265.29,266.61,266.61,264.46,,
2018.7.27,266.89,268.09,269.13,265.94,,
2018.7.26,267.99,266.48,268.52,266.36,,
2018.7.25,264.96,264.14,266.27,263.37,,
2018.7.24,264.26,262.7,265.01,259.55,,
2018.7.23,263.37,265.53,265.72,262.42,,
2018.7.20,265.06,266.66,266.8,263.41,,
2018.7.19,267.08,265.38,268.59,265.38,,
2018.7.18,264.61,265.88,265.96,263.5,,
2018.7.17,265.94,266.42,267,265.73,,
2018.7.16,266.11,266.46,266.81,264.86,,
2018.7.13,266.51,266.59,267.25,264.65,,
2018.7.12,266.35,266.25,266.89,265,,
2018.7.11,266.12,263.81,266.6,263.81,,
2018.7.10,263.83,260.33,265.15,258.86,,
2018.7.9,261.28,269.72,269.72,260.39,,
2018.7.6,269.71,267.69,270.08,267.69,,
2018.7.5,267.74,266.26,267.77,265.2,,
2018.7.3,266.06,265.22,267.7,264.25,,
2018.7.2,265.39,263.49,265.49,262.42,,
2018.6.29,263.3,262.82,264.53,261.21,,
2018.6.28,263.22,263.61,265.64,262.83,,
2018.6.27,263.26,261.73,263.84,261.19,,
2018.6.26,261.73,261.08,263.57,260.89,,
2018.6.25,261.76,257.84,262.23,257.84,,
2018.6.22,257.51,256,258.09,255.42,,
2018.6.21,255.63,254.72,256.97,254.36,,
2018.6.20,254.78,254.97,255.43,253.76,,
2018.6.19,254.78,252.42,255.47,252.39,,
2018.6.18,252.11,251.11,252.9,250.85,,
2018.6.15,251.23,249.44,251.42,247.25,,
2018.6.14,249.52,247.03,250.16,246.57,,
2018.6.13,246.63,247.45,248.99,245.87,,
2018.6.12,247.3,244.21,247.51,244.04,,
2018.6.11,244.16,245.91,246.35,243.72,,
2018.6.8,244.98,245.29,245.86,244.15,,
2018.6.7,245.01,243.93,247.44,243.21,,
2018.6.6,243.95,249.51,249.76,243.53,,
2018.6.5,249.25,250.87,251.59,248.6,,
2018.6.4,250.88,253.51,254.4,250.64,,
2018.6.1,253.02,256.87,256.87,251.88,,
2018.5.31,256.98,256.23,258.51,254.81,,
2018.5.30,256.69,254.44,257.25,253.64,,
2018.5.29,254.74,253.92,256.4,252.97,,
2018.5.25,254.63,253.75,255.34,253.51,,
2018.5.24,253.57,251.58,253.79,251.05,,
2018.5.23,251.68,249.87,252.06,249.53,,
2018.5.22,249.44,248.58,250.75,248.37,,
2018.5.21,248.47,247.6,249.08,246.35,,
2018.5.18,247.02,247.46,248.57,245.22,,
2018.5.17,247.35,249.53,250.1,246.84,,
2018.5.16,249.59,251.87,251.98,248.69,,
2018.5.15,251.76,252.92,253.38,250.43,,
2018.5.14,254,255.24,255.7,252.77,,
2018.5.11,255.11,254.93,255.65,253.98,,
2018.5.10,254.59,252.5,254.72,251.95,,
2018.5.9,251.23,253.24,253.31,250.26,,
2018.5.8,253.12,258.75,258.75,252.76,,
2018.5.7,259.64,260.94,261.35,259.29,,
2018.5.4,261.04,260.03,262.14,260.02,,
2018.5.3,260.03,259.74,261.07,257.03,,
2018.5.2,260.31,260.47,261.48,259.28,,
2018.5.1,260.66,261.36,261.69,260.12,,
2018.4.30,261.39,262.56,263.31,261.12,,
2018.4.27,262.13,259.1,263.1,258.82,,
2018.4.26,259.64,257.11,259.91,256.16,,
2018.4.25,256.99,256.22,257.9,255.06,,
2018.4.24,256.91,256,258.47,254.98,,
2018.4.23,255.26,255.25,256.68,254.28,,
2018.4.20,255.02,257.43,257.56,254.27,,
2018.4.19,257.31,257.2,257.98,255.37,,
2018.4.18,257.52,259.06,261.02,257.5,,
2018.4.17,258.53,256.06,259.37,255.45,,
2018.4.16,255.85,253.16,256.02,253.16,,
2018.4.13,252.37,251.42,253.53,251.32,,
2018.4.12,250.64,253.92,254.5,250.04,,
2018.4.11,253.88,253.83,255.04,253.01,,
2018.4.10,254.27,256.26,256.51,253.68,,
2018.4.9,256.12,255.96,257.93,255.03,,
2018.4.6,255.82,257.67,258.53,255.17,,
2018.4.5,257.65,255.73,258.41,252.79,,
2018.4.4,255.63,254.66,256.27,252.96,,
2018.4.3,255.09,254.13,256.24,253.15,,
2018.4.2,254.21,256.84,257.81,252.46,,
2018.3.29,256.14,255.34,257.39,255.25,,
2018.3.28,254.82,254.94,256.19,253.23,,
2018.3.27,255.04,251.61,257.62,251.02,,
2018.3.26,251.37,249.45,251.71,249.2,,
2018.3.23,248.78,252.76,254.61,248.29,,
2018.3.22,252.27,251.26,256.43,250.83,,
2018.3.21,251.18,252.37,254.51,250.53,,
2018.3.20,252.18,253.43,254.51,251.63,,
2018.3.19,253.34,255.24,255.6,251.89,,
2018.3.16,255.25,252.67,255.58,252.57,,
2018.3.15,252.73,252.9,255.1,251.26,,
2018.3.14,252.86,251.2,253.8,250.99,,
2018.3.13,250.44,250.69,252.01,248.54,,
2018.3.12,249.92,248.96,250.24,248.65,,
2018.3.9,248.87,248.27,248.88,246.87,,
2018.3.8,248.25,246.76,248.7,246.59,,
2018.3.7,246.54,247.82,248.58,245.55,,
2018.3.6,248.35,251.69,251.69,247.88,,
2018.3.5,251.78,246.68,252.36,245.88,,
2018.3.2,246.95,247.45,249.79,244.8,,
2018.3.1,247.55,247.88,251.42,246.34,,
2018.2.28,247.7,249.92,250.91,247.68,,
2018.2.27,249.3,253.73,255.16,249.29,,
2018.2.26,253.56,255.14,255.65,252.94,,
2018.2.23,254.41,248.01,254.63,248.01,,
2018.2.22,247.81,247.39,249.73,246.45,,
2018.2.21,246.68,250.01,251.74,246.63,,
2018.2.20,249.97,252.56,253.11,248.73,,
2018.2.16,253.15,251.23,253.78,250.3,,
2018.2.15,251.27,246.35,251.28,246.12,,
2018.2.14,246.05,247.59,248.29,245.35,,
2018.2.13,249,247.46,249.87,245.19,,
2018.2.12,248.09,246.37,249.4,244.51,,
2018.2.9,246.13,241.46,247.95,241.07,,
2018.2.8,240.87,243.3,246.31,240.86,,
2018.2.7,243.88,244.92,247.84,243.85,,
2018.2.6,245.09,245.91,247.19,240.37,,
2018.2.5,248.85,253.05,255.41,248.56,,
2018.2.2,253.14,253.91,255.52,252.84,,
2018.2.1,254.97,259.04,259.66,254.22,,
2018.1.31,259.07,256.49,259.26,255.26,,
2018.1.30,256.25,255.51,257.12,255.51,,
2018.1.29,255.82,258.28,258.31,255.54,,
2018.1.26,259.13,259.32,260.43,256.6,,
2018.1.25,258.97,255.24,259.16,255.03,,
2018.1.24,255.07,256.32,256.43,254.68,,
2018.1.23,256.58,254.52,258.33,254.28,,
2018.1.22,254.15,255.3,256.65,253.71,,
2018.1.19,253.87,254.77,256.08,253.47,,
2018.1.18,254.62,256.39,256.39,253.25,,
2018.1.17,256.22,255.01,256.88,254.68,,
2018.1.16,254.58,256.04,256.84,253.2,,
2018.1.12,255.25,256.3,257.22,254.52,,
2018.1.11,256.67,257.67,258.57,255.84,,
2018.1.10,257.59,259.71,259.71,257.12,,
2018.1.9,260.52,263.03,263.17,260.1,,
2018.1.8,263.15,260.93,263.22,260.6,,
2018.1.5,260.69,261.55,262.02,259.37,,
2018.1.4,260.73,262.31,263.88,260.26,,
2018.1.3,263.02,263.73,265.96,262.08,,
2018.1.2,265.04,267.59,267.63,264.27,,
2017.12.29,267.37,267.97,268.52,267.01,,
2017.12.28,267.37,266.5,267.45,265.93,,
2017.12.27,266.11,265.49,266.53,265.44,,
2017.12.26,265.03,266.75,267.69,264.99,,
2017.12.22,266.59,266.36,267.59,266.36,,
2017.12.21,266.2,266.59,267.56,265.16,,
2017.12.20,269.4,271.37,272.27,269.29,,
2017.12.19,271.52,276.72,276.86,271.44,,
2017.12.18,276.5,279.93,280.67,276.18,,
2017.12.15,279.74,279.02,280.67,278.99,,
2017.12.14,278.7,278.75,280.03,276.55,,
2017.12.13,279.1,279.25,280.39,278.37,,
2017.12.12,278.36,282.32,282.49,278.28,,
2017.12.11,283.31,281.07,283.42,280.49,,
2017.12.8,281.58,280.24,281.6,279.2,,
2017.12.7,280.68,280.13,280.69,278.55,,
2017.12.6,280.41,279.81,280.89,278.86,,
2017.12.5,279.34,282.71,283.05,278.04,,
2017.12.4,282.85,284.98,285.72,282.42,,
2017.12.1,284.51,286.27,286.99,283.05,,
2017.11.30,285.52,284.69,286.04,284.32,,
2017.11.29,284.67,283.88,285.87,282.65,,
2017.11.28,284.5,283.76,285.11,283.76,,
2017.11.27,283.29,282.22,283.7,281.72,,
2017.11.24,281.99,281.87,283.2,281.61,,
2017.11.22,281.55,281.78,282.05,280.5,,
2017.11.21,281.63,281.46,282.52,281.03,,
2017.11.20,280.96,282.13,282.27,280.59,,
2017.11.17,281.84,283.37,283.82,281.59,,
2017.11.16,283.95,284.63,284.98,283.23,,
2017.11.15,285.1,288.31,289.49,284.96,,
2017.11.14,287.82,283.77,287.94,283.28,,
2017.11.13,284.42,281.5,284.66,281.42,,
2017.11.10,281.17,281.1,281.75,280.19,,
2017.11.9,282.4,281.33,282.87,281.01,,
2017.11.8,282.1,281.82,282.99,280.28,,
2017.11.7,282.19,279.08,282.53,278.27,,
2017.11.6,278.75,279.94,280.35,278.61,,
2017.11.3,279.94,278.38,281.23,278.14,,
2017.11.2,278.92,278.31,279.99,277.12,,
2017.11.1,277.78,279.9,279.9,277.34,,
2017.10.31,279.35,278.85,279.98,278.25,,
2017.10.30,279.22,278.9,279.79,278.32,,
2017.10.27,279.17,277.14,279.86,276.75,,
2017.10.26,277.47,278.59,280.08,277.44,,
2017.10.25,277.47,278.2,278.2,274.14,,
2017.10.24,278.69,278.47,278.92,277.25,,
2017.10.23,278.47,278.38,278.92,277.23,,
2017.10.20,278.32,277.83,278.73,276.98,,
2017.10.19,277.97,275.45,278,275.45,,
2017.10.18,275.19,275.36,275.56,274.08,,
2017.10.17,275.6,274.14,276.16,273.1,,
2017.10.16,274,274.31,275.04,271.8,,
2017.10.13,274.48,276.87,277.7,273.81,,
2017.10.12,276.58,275.23,277.19,275.05,,
2017.10.11,275.21,273.61,276.43,273.51,,
2017.10.10,273.92,271.55,273.96,271.05,,
2017.10.9,271.26,271.21,271.98,270.94,,
2017.10.6,270.89,270.11,271,268.95,,
2017.10.5,271.06,271.37,271.58,269.84,,
2017.10.4,271.39,268.61,271.43,268.02,,
2017.10.3,268.54,269.25,269.29,267.03,,
2017.10.2,269.57,269.55,270.66,268.59,,
2017.9.29,268.97,269.12,270.04,268.01,,
2017.9.28,269.27,267.73,269.85,266.6,,
2017.9.27,268.45,270.8,271.2,267.1,,
2017.9.26,272.11,272.21,272.99,271.54,,
2017.9.25,272.53,270.31,272.8,269.97,,
2017.9.22,270.25,272.68,272.91,270.1,,
2017.9.21,272.2,272.52,274.03,272.01,,
2017.9.20,272.45,275.26,275.47,271.46,,
2017.9.19,274.58,275.35,275.6,274.09,,
2017.9.18,275.17,277.85,277.86,273.26,,
2017.9.15,277.9,277.65,278.76,276.7,,
2017.9.14,277.62,274.96,277.73,274.36,,
2017.9.13,275.22,276.6,276.66,275.17,,
2017.9.12,276.69,281.22,281.32,275.23,,
2017.9.11,281.62,278.9,281.82,278.57,,
2017.9.8,279.03,277.65,279.31,276.88,,
2017.9.7,277.8,276.1,278.05,275.75,,
2017.9.6,275.81,277.82,277.89,275.48,,
2017.9.5,277.26,276.73,277.35,275.63,,
2017.9.1,276.45,277.68,278.11,275.67,,
2017.8.31,277.28,277.36,278.03,277.16,,
2017.8.30,277.22,277.94,278.05,276.92,,
2017.8.29,278.43,279.04,279.71,278.27,,
2017.8.28,278.85,278.66,279.26,277.56,,
2017.8.25,278.22,278.06,279.37,277.47,,
2017.8.24,277.37,277.45,278.12,276.96,,
2017.8.23,277.59,276.6,277.74,275.75,,
2017.8.22,276.88,276.36,277.01,275.58,,
2017.8.21,276.33,275.78,276.76,275.05,,
2017.8.18,275.43,273.68,276.61,272.9,,
2017.8.17,273.71,275.65,275.97,273.52,,
2017.8.16,275.83,274.76,276.03,274.56,,
2017.8.15,274.95,272.9,275.22,272.76,,
2017.8.14,273.58,272.24,273.7,271.97,,
2017.8.11,272,273.29,273.58,271.15,,
2017.8.10,273.76,272.87,274.33,271.99,,
2017.8.9,273.07,274.94,274.94,272.81,,
2017.8.8,274.43,272.97,274.46,272.71,,
2017.8.7,273.53,272.97,273.6,272.32,,
2017.8.4,272.98,272.91,273.33,271.27,,
2017.8.3,273.78,272.15,273.81,271.68,,
2017.8.2,272.63,270.66,272.64,269.22,,
2017.8.1,271.39,270.21,271.94,270.21,,
2017.7.31,270.04,269.05,270.57,268.34,,
2017.7.28,269.03,269.18,269.8,267.83,,
2017.7.27,269.41,268.37,269.43,267.76,,
2017.7.26,268.82,266.43,268.84,265.92,,
2017.7.25,266.48,267.94,268,266.04,,
2017.7.24,267.84,270.34,270.34,267.46,,
2017.7.21,270.35,268.17,270.37,267.59,,
2017.7.20,268.3,266.98,268.48,266.61,,
2017.7.19,266.53,265.8,266.62,265.16,,
2017.7.18,265.28,264.79,265.68,264.57,,
2017.7.17,264.55,263.66,264.62,263.08,,
2017.7.14,263.52,263.35,264.59,263.16,,
2017.7.13,262.1,262.98,263.67,262.04,,
2017.7.12,263.03,263.11,263.87,262.69,,
2017.7.11,260.82,261.27,261.42,259.6,,
2017.7.10,260.9,261.72,262.56,260.86,,
2017.7.7,261.32,260.98,262.49,260.79,,
2017.7.6,260.95,260.87,261.3,260.16,,
2017.7.5,261.3,262.33,262.57,260.48,,
2017.7.3,262.35,264.44,264.75,262.19,,
2017.6.30,263.77,264.4,265.8,263.76,,
2017.6.29,264.1,265.1,265.1,263.17,,
2017.6.28,266.28,269.71,269.9,266.05,,
2017.6.27,268.83,271.33,271.63,268.35,,
2017.6.26,272.24,270.32,273.58,269.9,,
2017.6.23,270.14,271.03,272.21,269.68,,
2017.6.22,271.12,272.06,272.99,271,,
2017.6.21,272.3,274.07,274.36,271.05,,
2017.6.20,274.06,274.11,274.42,273.6,,
2017.6.19,273.92,275,275.11,272.99,,
2017.6.16,274.95,273.79,275.34,273.79,,
2017.6.15,273.63,271.92,273.83,271.32,,
2017.6.14,272.1,272.31,273.5,271.22,,
2017.6.13,270.5,269.82,270.79,269.03,,
2017.6.12,270.06,270.62,271.95,268.45,,
2017.6.9,270.66,270.19,270.75,268.63,,
2017.6.8,270.68,272.74,272.74,269.1,,
2017.6.7,273.08,272.41,273.69,271.79,,
2017.6.6,272.24,273.3,273.46,272.02,,
2017.6.5,272.72,273.83,273.94,272.62,,
2017.6.2,274.03,274.92,274.92,273.06,,
2017.6.1,273.64,271.56,273.65,270.64,,
2017.5.31,271.69,270.36,272.56,270.36,,
2017.5.30,270.43,269.41,271.07,269.06,,
2017.5.26,269.54,269.63,270.08,269.07,,
2017.5.25,269.69,267.89,270.06,267.36,,
2017.5.24,267.81,266.2,268.07,266.2,,
2017.5.23,266.01,265.5,267.64,265.47,,
2017.5.22,265.39,262.59,265.76,262.59,,
2017.5.19,263.02,262.33,263.05,260.57,,
2017.5.18,262.18,261.75,263.47,259.89,,
2017.5.17,261.17,260.54,262.39,260,,
2017.5.16,260.53,262.56,263.02,260.48,,
2017.5.15,262.63,261.65,263.11,261.32,,
2017.5.12,261.68,260.55,262.18,260.43,,
2017.5.11,260.35,259.48,260.36,258.32,,
2017.5.10,260.33,260.02,260.93,258.99,,
2017.5.9,259.91,261.71,261.93,259.6,,
2017.5.8,262.2,262.37,262.6,260.77,,
2017.5.5,262.36,261.58,263.22,261.58,,
2017.5.4,260.9,259.23,261.1,259.13,,
2017.5.3,259.83,261.01,261.14,259.73,,
2017.5.2,261.11,261.17,261.91,259.89,,
2017.5.1,260.45,262.49,262.51,259.96,,
2017.4.28,262.16,263.16,263.39,261.4,,
2017.4.27,263.33,262.52,264.7,262.52,,
2017.4.26,262.53,263.21,264.59,262.45,,
2017.4.25,263.55,262.99,263.87,262.02,,
2017.4.24,263.79,262.83,264.09,261,,
2017.4.21,262.52,261.04,263.57,261.02,,
2017.4.20,261.12,261.6,261.71,259.27,,
2017.4.19,262.14,263.72,263.72,261.25,,
2017.4.18,263.89,263.44,264.44,263.03,,
2017.4.17,263.46,262.68,263.49,262.14,,
2017.4.13,262.15,262.87,263.41,261.08,,
2017.4.12,263.11,260.55,263.21,260.04,,
2017.4.11,261.19,260.98,261.62,259.43,,
2017.4.10,261.25,260.82,261.57,259.52,,
2017.4.7,260.69,262.48,263.26,260.59,,
2017.4.6,262.08,261.99,262.36,260.94,,
2017.4.5,262.48,260.94,262.75,260.28,,
2017.4.4,261.11,260.05,262.03,259.53,,
2017.4.3,260.25,259.91,260.29,257.97,,
2017.3.31,260.25,259.43,261.57,259.43,,
2017.3.30,259.48,260.57,260.57,258.65,,
2017.3.29,261.26,261.7,262.14,260.26,,
2017.3.28,262.47,261.82,262.67,261.12,,
2017.3.27,262.32,264.25,265,261.46,,
2017.3.24,263.53,262.37,264.39,262.06,,
2017.3.23,262.47,262.84,264.83,261.78,,
2017.3.22,263.11,263.07,264.88,262.24,,
2017.3.21,262.11,258.42,262.96,258.42,,
2017.3.20,258.48,260.68,261.23,257.78,,
2017.3.17,260.24,258.93,261.63,258.93,,
2017.3.16,258.75,260.88,260.88,258.08,,
2017.3.15,261.59,258.1,262.83,257.8,,
2017.3.14,257.37,257.4,258.08,256.62,,
2017.3.13,257.6,256.84,257.79,256.44,,
2017.3.10,257,256.31,257.44,255.38,,
2017.3.9,254.95,255.66,256.85,254.75,,
2017.3.8,255.56,257.56,257.56,254.95,,
2017.3.7,259.56,259.33,260.31,259.17,,
2017.3.6,259.55,259.94,260.1,258.63,,
2017.3.3,260.03,260.91,260.91,257.95,,
2017.3.2,260.94,258.43,262.49,257.89,,
2017.3.1,259.02,258.71,260.9,257.44,,
2017.2.28,261.6,258.8,262.21,258.64,,
2017.2.27,259.17,260.48,260.48,258.87,,
2017.2.24,260.67,257.9,260.67,257.65,,
2017.2.23,257.1,255.15,257.86,254.84,,
2017.2.22,254.43,253.26,254.78,252.27,,
2017.2.21,253.39,250.2,253.77,249.45,,
2017.2.17,250.68,250.7,251.24,249.12,,
2017.2.16,250.52,248.51,250.52,248.15,,
2017.2.15,248.17,247.32,248.18,246.12,,
2017.2.14,249.13,250.28,250.47,247.73,,
2017.2.13,250.96,249.89,251.04,249.05,,
2017.2.10,249.94,247.86,250.14,247.63,,
2017.2.9,248.41,250.07,250.81,247.74,,
2017.2.8,250.51,248.17,250.86,248.15,,
2017.2.7,248.25,247.89,248.54,247.31,,
2017.2.6,247.76,248.8,249.18,247.38,,
2017.2.3,248.14,248,249.1,247.62,,
2017.2.2,247.85,245.69,247.9,244.63,,
2017.2.1,245.5,248.02,248.3,244.65,,
2017.1.31,249.82,246.08,249.89,246.05,,
2017.1.30,245.85,245.92,246.62,244.44,,
2017.1.27,245.75,246.49,246.91,245.24,,
2017.1.26,245.79,245.64,246.93,244.69,,
2017.1.25,245.72,245.21,245.94,244.59,,
2017.1.24,245.77,245.72,246.75,245.27,,
2017.1.23,245.77,247.41,247.87,245.55,,
2017.1.20,246.97,246.82,247.69,245.48,,
2017.1.19,246.6,247.51,248.68,245.99,,
2017.1.18,248.76,248.82,249.9,248.38,,
2017.1.17,249.17,247.1,249.79,246.98,,
2017.1.13,246.32,246.29,247,244.8,,
2017.1.12,246.73,246.38,247.07,245.22,,
2017.1.11,246.42,243.98,246.71,243.94,,
2017.1.10,244.05,244.67,244.75,242.99,,
2017.1.9,244.72,248.3,248.73,244.68,,
2017.1.6,247.96,246.46,248.55,245.97,,
2017.1.5,247.15,247.19,247.71,244.71,,
2017.1.4,246.91,246.48,248.35,246.13,,
2017.1.3,246.09,246.98,246.98,244.59,,
2016.12.30,246.83,248.25,248.61,246.07,,
2016.12.29,248.03,245.55,248.48,245.33,,
2016.12.28,244.89,247.25,247.38,244.52,,
2016.12.27,247.31,246.85,247.91,246.03,,
2016.12.23,247.32,247.63,247.94,246.42,,
2016.12.22,247.34,246.21,247.71,245.81,,
2016.12.21,246.5,247.39,248.66,246.45,,
2016.12.20,247.43,247.05,248.19,246.28,,
2016.12.19,247.14,247.39,247.71,245.04,,
2016.12.16,246.22,243.44,247.05,243.41,,
2016.12.15,243.21,240.79,243.49,239.81,,
2016.12.14,241.72,247.79,249.27,241.34,,
2016.12.13,246.76,244.76,246.99,244.6,,
2016.12.12,244.21,241.05,244.5,241.05,,
2016.12.9,241.75,239.31,241.82,239.31,,
2016.12.8,239.27,237.35,239.61,235.62,,
2016.12.7,238.68,236.4,238.76,236.33,,
2016.12.6,235.82,237.09,237.19,235.39,,
2016.12.5,236.41,235.12,236.43,232.93,,
2016.12.2,235.9,235.11,237.68,234.57,,
2016.12.1,233.75,234.66,234.9,232.31,,
2016.11.30,235.88,240.38,240.43,235.88,,
2016.11.29,243.63,242.16,244.89,242,,
2016.11.28,242.86,238.76,243.27,238.76,,
2016.11.25,238.15,235.4,238.79,235.4,,
2016.11.23,234.8,235.27,236.82,234.36,,
2016.11.22,236.95,236.27,237.37,235.14,,
2016.11.21,236.34,234.39,236.39,234.3,,
2016.11.18,233.79,234.49,235.67,232.9,,
2016.11.17,234.57,233.92,235.79,233.87,,
2016.11.16,234.74,236.77,237.41,233.26,,
2016.11.15,236.68,233.48,237.16,233.48,,
2016.11.14,232.73,232.11,233.31,229.5,,
2016.11.11,233.27,234.25,236.24,232.29,,
2016.11.10,234.17,238.64,238.64,231.05,,
2016.11.9,240.09,246.08,246.08,239.71,,
2016.11.8,249.26,247.7,250.22,247.39,,
2016.11.7,247.51,244.31,247.52,241.97,,
2016.11.4,243.19,245.3,247.37,243.11,,
2016.11.3,244.07,242.58,244.95,241.81,,
2016.11.2,243.24,245.9,245.9,241.15,,
2016.11.1,246.4,250.92,250.96,245.73,,
2016.10.31,250.83,247.04,252.33,246.71,,
2016.10.28,245.95,245.43,247.07,244.69,,
2016.10.27,245.3,245.79,246.24,243.58,,
2016.10.26,246.61,245.98,247.04,244.4,,
2016.10.25,246.07,244.59,246.11,244.2,,
2016.10.24,244.8,244.65,245.47,243.17,,
2016.10.21,243.85,244.42,244.95,242.71,,
2016.10.20,245.14,245.58,247.02,244.73,,
2016.10.19,245.3,245.8,245.96,244.18,,
2016.10.18,245.83,244.91,246.35,242.79,,
2016.10.17,243.83,243.06,244.38,242.97,,
2016.10.14,242.5,243.49,244.83,242.25,,
2016.10.13,243.85,240.85,245.33,240.82,,
2016.10.12,240.82,238.74,241.21,238.74,,
2016.10.11,238.46,240.78,240.82,238.08,,
2016.10.10,241.3,239.81,241.44,239.43,,
2016.10.7,239.31,240.92,243.47,239.19,,
2016.10.6,239.48,238.9,240.73,237.58,,
2016.10.5,239.52,240.47,242.43,238.77,,
2016.10.4,240.11,245.18,245.18,238.71,,
2016.10.3,245.44,248.35,248.38,243.82,,
2016.9.30,248.79,251.51,252.37,247.5,,
2016.9.29,250.56,253.43,253.44,249.31,,
2016.9.28,254.25,255.48,255.64,252.13,,
2016.9.27,254.99,258.91,260.23,254.6,,
2016.9.26,258.21,258.69,259.26,257.44,,
2016.9.23,258.75,258.03,259.58,257.17,,
2016.9.22,259.08,258.59,259.51,257.27,,
2016.9.21,257.62,252.36,257.68,252.36,,
2016.9.20,252.32,253.44,254.21,252.27,,
2016.9.19,252.81,250.84,252.92,250.66,,
2016.9.16,250.32,248.04,250.67,246.44,,
2016.9.15,248.05,246.13,248.36,245.35,,
2016.9.14,246.32,245.66,248.08,245.12,,
2016.9.13,245.2,248.03,248.18,244.17,,
2016.9.12,248.64,244.33,249.22,244.33,,
2016.9.9,244.4,252.15,252.15,244.3,,
2016.9.8,253.93,252.52,254.21,252.4,,
2016.9.7,253.05,253.04,253.64,251.75,,
2016.9.6,253.33,251.43,253.5,251.12,,
2016.9.2,250.52,247.54,250.81,247.54,,
2016.9.1,247.46,248.35,248.61,247.01,,
2016.8.31,248.49,247.45,248.58,246.7,,
2016.8.30,247.73,250.22,251.13,247.43,,
2016.8.29,250.31,248.95,250.82,248.95,,
2016.8.26,248.36,253.96,255.38,248.16,,
2016.8.25,253.72,253.62,254.6,253.46,,
2016.8.24,253.62,253.28,253.98,251.66,,
2016.8.23,253.62,255.22,256.27,253.59,,
2016.8.22,254.85,254.63,255.88,254.1,,
2016.8.19,254.14,256.58,256.66,252.81,,
2016.8.18,257.27,253.87,257.27,253.74,,
2016.8.17,254.15,250.18,254.59,248.23,,
2016.8.16,250.44,252.95,252.95,250.43,,
2016.8.15,253.48,257.41,258.04,253.42,,
2016.8.12,257.47,257.59,259.26,257.42,,
2016.8.11,257.27,256.88,257.31,255.8,,
2016.8.10,256.96,257.21,257.93,256.25,,
2016.8.9,257.1,257.22,258.43,256.57,,
2016.8.8,257.36,257.82,259.51,256.65,,
2016.8.5,257.65,260.98,260.98,257.32,,
2016.8.4,261.25,261.59,263.14,260.5,,
2016.8.3,261.54,263.17,263.28,260.57,,
2016.8.2,263.14,264.22,264.22,261.87,,
2016.8.1,264.69,264.5,265.24,263.84,,
2016.7.29,264.75,262.91,265.43,262.87,,
2016.7.28,262.9,262.1,263.45,261.45,,
2016.7.27,262.12,264.81,264.81,260.07,,
2016.7.26,265.21,267.53,267.77,264.45,,
2016.7.25,267.54,267.56,267.89,265.92,,
2016.7.22,267.92,264.45,268.17,264.33,,
2016.7.21,264.44,262.74,264.61,261.47,,
2016.7.20,262.98,264.26,264.65,262.53,,
2016.7.19,264.29,264.66,264.99,263.22,,
2016.7.18,264.68,264.25,265.66,264.25,,
2016.7.15,264.06,263.38,264.68,262.84,,
2016.7.14,263.29,264.33,264.48,262.39,,
2016.7.13,265.01,263.72,265.01,263.47,,
2016.7.12,263,265.72,265.94,262.84,,
2016.7.11,266.64,266.33,266.82,263.49,,
2016.7.8,266.87,264.16,266.96,261.64,,
2016.7.7,264.27,268.85,268.85,263.59,,
2016.7.6,269.14,268.34,269.24,266.67,,
2016.7.5,268.49,266.59,268.86,266.52,,
2016.7.1,266.56,267.08,267.71,263.9,,
2016.6.30,266.7,261.14,266.71,260.89,,
2016.6.29,260.97,260.6,262.01,259.94,,
2016.6.28,260.25,259.52,260.25,257.13,,
2016.6.27,259.42,255.95,260.02,255.7,,
2016.6.24,256.12,255.22,258.42,254.19,,
2016.6.23,255.89,255.11,255.89,254.1,,
2016.6.22,255.04,256.28,256.57,254.84,,
2016.6.21,256.19,255.78,257.44,254.44,,
2016.6.20,255.77,256.87,257.19,254.02,,
2016.6.17,256.81,255.94,256.9,254.39,,
2016.6.16,255.93,254.23,256.48,253.88,,
2016.6.15,254.25,256.11,256.33,253.51,,
2016.6.14,256.07,254.68,256.12,253.5,,
2016.6.13,254.73,255.13,256.2,254.52,,
2016.6.10,255.09,255.64,256.6,254.05,,
2016.6.9,255.8,253.5,256.09,253.38,,
2016.6.8,253.57,252.01,253.63,251.6,,
2016.6.7,252.02,252.62,253.78,251.57,,
2016.6.6,252.45,253.07,253.66,251.33,,
2016.6.3,252.91,249.64,254.1,249.64,,
2016.6.2,248.78,248.55,248.78,246.32,,
2016.6.1,248.95,247.81,248.99,247.47,,
2016.5.31,248.16,246.63,248.37,246.2,,
2016.5.27,246.77,246.2,246.92,245.35,,
2016.5.26,246.19,243.63,246.44,243.43,,
2016.5.25,243.6,244.22,244.29,241.98,,
2016.5.24,244.32,241.81,244.57,241.81,,
2016.5.23,241.63,244.1,244.49,241.52,,
2016.5.20,244,243.7,244.15,242.21,,
2016.5.19,243.46,240.66,243.49,238.92,,
2016.5.18,241.21,245.06,246.17,240.33,,
2016.5.17,245.98,249.92,249.92,244.66,,
2016.5.16,250.15,249.63,250.22,248.17,,
2016.5.13,249.86,250.79,251.01,248.75,,
2016.5.12,251.06,249.7,251.56,248.5,,
2016.5.11,249.9,249.3,250.15,247.78,,
2016.5.10,249.3,249.05,250.15,248.45,,
2016.5.9,249,247.78,249.41,247.41,,
2016.5.6,247.7,249.44,249.44,245.47,,
2016.5.5,249.44,250.02,252.36,248.52,,
2016.5.4,250.39,247.46,251.93,246.83,,
2016.5.3,247.66,247.66,248.86,246.23,,
2016.5.2,247.7,245.9,248.94,245.7,,
2016.4.29,245.76,243.78,245.98,241.52,,
2016.4.28,244.4,244.01,244.83,241.62,,
2016.4.27,244.61,241.75,246.05,241.38,,
2016.4.26,241.2,241.17,242.16,240.6,,
2016.4.25,240.82,240.22,240.87,239.26,,
2016.4.22,240.37,238.79,240.65,238.79,,
2016.4.21,238.17,243.28,243.28,237.27,,
2016.4.20,243.43,249.62,250.05,243.26,,
2016.4.19,249.53,249.36,249.9,248.03,,
2016.4.18,249.22,248.31,249.22,246.52,,
2016.4.15,248.4,246.89,248.77,246.6,,
2016.4.14,246.78,246.87,247.65,246.12,,
2016.4.13,247.11,248.97,249.16,245.88,,
2016.4.12,248.73,247.1,248.98,246.68,,
2016.4.11,246.93,248.02,249.53,246.78,,
2016.4.8,247.92,247.11,249.6,247.11,,
2016.4.7,246.79,246.73,248.32,246.2,,
2016.4.6,246.86,247.01,247.08,245.36,,
2016.4.5,247.16,251.66,251.69,246.95,,
2016.4.4,251.91,252.82,253.26,250.62,,
2016.4.1,252.91,251.64,253.24,250.16,,
2016.3.31,251.93,250.69,252.2,249.91,,
2016.3.30,250.57,251.21,251.48,249.61,,
2016.3.29,251.16,247.86,251.23,247.22,,
2016.3.28,247.69,248.64,250.16,247.1,,
2016.3.24,248.58,247.58,248.85,247.1,,
2016.3.23,247.83,246.1,248.72,245.05,,
2016.3.22,246.04,246.9,247.87,245.81,,
2016.3.21,246.93,246.8,248.13,244.61,,
2016.3.18,247.23,248.8,249.29,247.15,,
2016.3.17,248.79,246.38,249.32,245.6,,
2016.3.16,246.2,243.53,246.56,241.18,,
2016.3.15,243.78,243.2,244.44,242.75,,
2016.3.14,243.24,243.01,243.62,241.9,,
2016.3.11,243.03,243.46,244.43,242.46,,
2016.3.10,242.7,242.53,243.5,240.44,,
2016.3.9,242.49,241.12,243.24,241.12,,
2016.3.8,241.26,239.27,241.54,238.24,,
2016.3.7,239.29,237.81,239.72,236.83,,
2016.3.4,237.97,234.72,238.68,233.29,,
2016.3.3,235.23,233.95,235.25,231.08,,
2016.3.2,233.84,232.39,233.94,227.79,,
2016.3.1,232.79,234.59,235.72,231.37,,
2016.2.29,233.94,233.37,236.16,232.83,,
2016.2.26,233.47,239.69,239.69,233.4,,
2016.2.25,240.03,237.79,240.05,237.79,,
2016.2.24,237.68,236.11,237.99,235.47,,
2016.2.23,236.6,236.07,237.12,234.69,,
2016.2.22,236.4,234.02,236.42,233.69,,
2016.2.19,233.79,235.32,235.32,232.23,,
2016.2.18,235.28,231.69,236.09,231.04,,
2016.2.17,231.48,232.08,232.17,230.02,,
2016.2.16,231.99,230.89,232.42,229.63,,
2016.2.12,230.6,231.51,232.39,228.69,,
2016.2.11,231.39,235.51,235.67,231.28,,
2016.2.10,235.81,236.04,236.99,231.69,,
2016.2.9,236.46,235.31,237.28,234.33,,
2016.2.8,235.62,236.43,238.53,233.55,,
2016.2.5,236.59,235.33,237.52,232.44,,
2016.2.4,235.87,236.65,237.87,235.29,,
2016.2.3,236.84,234.36,237.87,234.3,,
2016.2.2,234.04,232.18,234.24,231.11,,
2016.2.1,233.18,230.58,234.08,230.13,,
2016.1.29,230.77,227.65,230.99,227.65,,
2016.1.28,226.38,222.86,227.71,221.65,,
2016.1.27,222.78,222.21,224.37,220.98,,
2016.1.26,222.35,220.94,224.42,220.94,,
2016.1.25,220.68,222.63,222.63,219.97,,
2016.1.22,222.63,219.66,222.78,219.05,,
2016.1.21,218.81,219.11,220.23,216.8,,
2016.1.20,218.81,223.45,223.45,215.82,,
2016.1.19,223.94,221.17,224.53,221.12,,
2016.1.15,220.66,222.26,222.27,218.04,,
2016.1.14,222.64,219.38,223.86,218.63,,
2016.1.13,219.35,219.55,221.11,218.68,,
2016.1.12,219.36,220.85,221.01,217.72,,
2016.1.11,220.44,219.24,221.24,219.24,,
2016.1.8,219.12,219.19,220.84,218.74,,
2016.1.7,219.16,219.62,220.3,218.32,,
2016.1.6,220.72,220.15,221.6,218.98,,
2016.1.5,221.14,219.29,221.58,216.34,,
2016.1.4,219.41,218.93,219.5,216.93,,
2015.12.31,220,222.09,222.09,218.01,,
2015.12.30,222.34,222.62,223.27,221.92,,
2015.12.29,222.67,222.03,223.32,222.03,,
2015.12.28,221.55,220.81,221.79,219.89,,
2015.12.24,221.13,221.24,221.75,220.66,,
2015.12.23,221.31,218.16,221.72,218.16,,
2015.12.22,217.95,216.41,218.47,214.77,,
2015.12.21,216.3,216.58,217.62,215.07,,
2015.12.18,216.15,218.9,218.9,214.68,,
2015.12.17,218.91,218.66,220.21,217.37,,
2015.12.16,218.68,213.53,218.93,213.53,,
2015.12.15,213.22,211.74,214.48,211.74,,
2015.12.14,211.35,210.44,211.48,209.02,,
2015.12.11,210.39,210.38,212.09,208.96,,
2015.12.10,211.03,214.56,214.56,210.84,,
2015.12.9,214.57,214.16,216.9,213.06,,
2015.12.8,214.5,214.44,214.8,212.89,,
2015.12.7,215.01,214.15,215.1,212.62,,
2015.12.4,214.3,211.55,214.45,211.55,,
2015.12.3,211.06,212.28,212.48,210.55,,
2015.12.2,212.89,217.39,217.39,212.76,,
2015.12.1,217.66,216.43,218.12,215.63,,
2015.11.30,216.01,215.71,217.48,215.66,,
2015.11.27,215.62,215.18,216.64,215.18,,
2015.11.25,215.13,216.29,216.29,214.41,,
2015.11.24,216.35,216.57,216.78,214.81,,
2015.11.23,216.97,219.01,219.49,216.65,,
2015.11.20,219.17,218.31,220.72,218.23,,
2015.11.19,218.18,216.29,218.65,216.29,,
2015.11.18,216.05,214.49,216.33,212.79,,
2015.11.17,214.45,218.14,219.65,213.95,,
2015.11.16,218.49,214.78,218.51,214.62,,
2015.11.13,214.85,215.73,217.45,214.29,,
2015.11.12,215.63,217.8,219.26,215.61,,
2015.11.11,218.13,216.41,218.4,216.41,,
2015.11.10,216.2,214.47,216.79,214.45,,
2015.11.9,214.76,213.76,215.7,212.79,,
2015.11.6,214.14,220.82,220.82,212.41,,
2015.11.5,222.22,223.85,224.2,222.16,,
2015.11.4,224.02,223.03,224.71,222.99,,
2015.11.3,223.08,222.05,223.24,220.97,,
2015.11.2,222.45,222.19,222.8,220.64,,
2015.10.30,222.13,221.23,222.92,220.55,,
2015.10.29,221,222.12,222.12,218.13,,
2015.10.28,222.4,225.03,225.65,219.97,,
2015.10.27,224.94,225.36,225.71,224.05,,
2015.10.26,225.58,226.69,226.89,223.85,,
2015.10.23,226.53,230.54,230.54,226.35,,
2015.10.22,230.63,228.23,231.13,228.02,,
2015.10.21,227.94,228.44,229.99,227.75,,
2015.10.20,228.29,227.31,229.24,226.77,,
2015.10.19,227.58,227.56,227.62,225.29,,
2015.10.16,227.6,227.2,228.8,226.7,,
2015.10.15,227.1,224.39,227.5,223.63,,
2015.10.14,223.91,223.99,225.38,223.54,,
2015.10.13,223.92,224.46,225.03,223.47,,
2015.10.12,224.5,222.6,225.64,222.6,,
2015.10.9,222.49,223.49,223.64,221.74,,
2015.10.8,223.4,220.61,223.76,219.83,,
2015.10.7,220.74,221.46,222.14,220.4,,
2015.10.6,221.42,222.81,222.81,220.13,,
2015.10.5,223.03,220.11,223.3,219.97,,
2015.10.2,220.07,217.7,220.08,216.84,,
2015.10.1,217.21,219.82,220.15,215.58,,
2015.9.30,219.82,216.51,220.02,216.45,,
2015.9.29,216.06,215.9,217.19,215.07,,
2015.9.28,215.87,217.14,218.23,215.54,,
2015.9.25,217.14,215.02,219.17,214.5,,
2015.9.24,214.98,212.93,215.35,212.32,,
2015.9.23,213.24,212.63,213.74,212.11,,
2015.9.22,212.73,214.76,215.4,212.21,,
2015.9.21,215.41,214.52,216.55,214.52,,
2015.9.18,214.49,215.83,216.99,214.11,,
2015.9.17,215.83,212.93,218.58,212.62,,
2015.9.16,213.03,210.9,213.62,210.79,,
2015.9.15,210.91,209.84,211.28,208.64,,
2015.9.14,209.87,209.33,211.17,209.31,,
2015.9.11,209.33,207.16,209.37,206.53,,
2015.9.10,207.67,207.98,209.71,207.08,,
2015.9.9,208.07,211.25,211.71,207.74,,
2015.9.8,210.74,206.82,210.77,206.82,,
2015.9.4,206.51,209.11,209.11,205.76,,
2015.9.3,209.65,208.85,210.6,208.59,,
2015.9.2,208.57,209.15,210.12,206.84,,
2015.9.1,208.55,213.62,213.62,207.34,,
2015.8.31,214.28,217.6,217.6,212.55,,
2015.8.28,217.79,218.43,218.7,214.81,,
2015.8.27,218.44,216.4,218.5,215.46,,
2015.8.26,215.84,212.51,216.33,211.81,,
2015.8.25,212.28,219.97,223.17,212.22,,
2015.8.24,219.21,227.68,227.68,218.13,,
2015.8.21,227.68,230.29,230.62,227.61,,
2015.8.20,230.47,231.02,233.19,229.86,,
2015.8.19,231.84,230.57,232.55,229.26,,
2015.8.18,230.86,231.33,231.33,230.03,,
2015.8.17,231.5,230.41,232.44,229.96,,
2015.8.14,230.44,228.4,230.55,227.4,,
2015.8.13,228.69,228.56,229.32,226.15,,
2015.8.12,228.83,224.78,229.17,224.43,,
2015.8.11,225.27,224.41,226.92,223.62,,
2015.8.10,224.29,225.23,226.23,223.8,,
2015.8.7,225.2,222.36,226.05,221.1,,
2015.8.6,222.42,221.27,222.53,219.27,,
2015.8.5,221.4,221.09,222.85,220.76,,
2015.8.4,220.79,224.41,224.41,220.44,,
2015.8.3,224.47,223.25,225.7,223.25,,
2015.7.31,223.22,221.59,225.04,221.59,,
2015.7.30,221.06,219.43,221.75,218.35,,
2015.7.29,219.49,218.68,219.65,217.15,,
2015.7.28,218.77,217.68,218.89,217.1,,
2015.7.27,217.69,214.89,218.66,214.89,,
2015.7.24,214.9,214.81,215.69,214.2,,
2015.7.23,214.85,217.81,217.81,213.72,,
2015.7.22,218.04,217.02,219.07,216.95,,
2015.7.21,217.01,218.98,219.03,216.13,,
2015.7.20,219.12,220.09,220.09,217.95,,
2015.7.17,220.13,222.43,222.43,220.09,,
2015.7.16,222.5,219.27,222.67,219.27,,
2015.7.15,219.12,218.09,219.15,216.89,,
2015.7.14,218.07,218.39,219.52,217.43,,
2015.7.13,218.33,218.32,219.71,217.06,,
2015.7.10,218.26,217.08,219.81,216.61,,
2015.7.9,217.09,219.57,220.63,216.42,,
2015.7.8,219.44,220.22,221.23,219.14,,
2015.7.7,220.56,215.38,221.54,215.38,,
2015.7.6,215.22,214.67,215.76,213.39,,
2015.7.2,214.68,212.51,215.07,212.51,,
2015.7.1,211.78,210.67,211.81,210.29,,
2015.6.30,210.56,211.21,211.74,210.1,,
2015.6.29,211.06,212.35,214.56,210.99,,
2015.6.26,212.26,210.93,212.53,209.86,,
2015.6.25,211.11,212.67,212.95,211.11,,
2015.6.24,212.55,214.3,214.94,212.55,,
2015.6.23,214.24,217.2,217.33,214.05,,
2015.6.22,217.22,217.61,218.42,216.84,,
2015.6.19,217.52,219.78,219.99,217.49,,
2015.6.18,219.78,216.99,220.2,216.99,,
2015.6.17,216.84,214.86,217.12,214.42,,
2015.6.16,214.85,213.87,214.92,212.77,,
2015.6.15,213.92,214.36,214.98,213.16,,
2015.6.12,214.36,216.11,216.11,214.34,,
2015.6.11,216.28,215.34,216.72,215.34,,
2015.6.10,214.72,213.9,216.18,213.9,,
2015.6.9,213.78,214.04,214.84,213.65,,
2015.6.8,214.09,215.4,215.48,213.96,,
2015.6.5,215.44,217.37,217.37,214.85,,
2015.6.4,218.24,218.59,219.85,217.96,,
2015.6.3,218.77,221.76,221.9,217.48,,
2015.6.2,221.88,224.86,224.86,220.43,,
2015.6.1,225.01,224.72,226.29,224.31,,
2015.5.29,224.68,225.1,225.61,223.77,,
2015.5.28,225.06,224.48,225.53,223.63,,
2015.5.27,224.48,223.7,224.86,223.45,,
2015.5.26,223.78,225.23,225.23,222.55,,
2015.5.22,225.32,225.61,225.99,223.97,,
2015.5.21,225.72,225.85,226.58,224.72,,
2015.5.20,225.84,225.41,227.39,225.1,,
2015.5.19,225.47,224.88,225.99,223.39,,
2015.5.18,224.96,223.88,225.33,223.17,,
2015.5.15,224.17,221.45,224.65,221.45,,
2015.5.14,221.38,219.21,221.84,219.21,,
2015.5.13,219.07,221.33,222.57,218.24,,
2015.5.12,221.4,221.52,221.75,219.36,,
2015.5.11,222.07,223.5,225.19,221.75,,
2015.5.8,223.64,222.51,225.32,222.51,,
2015.5.7,221.94,221.1,223.33,221.1,,
2015.5.6,221,222.32,223.18,218.92,,
2015.5.5,222.31,227.35,227.35,221.89,,
2015.5.4,227.5,225.85,229.26,225.68,,
2015.5.1,225.85,224.65,225.89,223.26,,
2015.4.30,224.58,227.32,227.32,223.03,,
2015.4.29,227.51,227.83,228.04,225.56,,
2015.4.28,228.29,226.22,228.31,225.04,,
2015.4.27,226.67,229.68,230.12,226.02,,
2015.4.24,229.51,227.21,230.97,226.83,,
2015.4.23,227.27,225.89,228.25,225.82,,
2015.4.22,225.87,225.66,226.47,224.52,,
2015.4.21,225.3,227.54,229.1,224.63,,
2015.4.20,227.49,224.29,229.21,224.29,,
2015.4.17,224.16,224.9,225.88,223.38,,
2015.4.16,224.93,226.19,226.19,223.06,,
2015.4.15,226.3,225.97,228.31,225.97,,
2015.4.14,225.87,224.69,226.55,224.66,,
2015.4.13,224.61,227.09,227.09,224.54,,
2015.4.10,226.97,225.46,227.82,225.09,,
2015.4.9,225.2,226.19,226.19,223.94,,
2015.4.8,226.28,226.96,227.05,225.13,,
2015.4.7,226.93,229.32,229.36,226.74,,
2015.4.6,229.41,226.53,230.84,226.53,,
2015.4.2,226.52,225.94,227.26,225.55,,
2015.4.1,225.93,225.63,226.46,222.6,,
2015.3.31,225.68,225.67,227.05,224.13,,
2015.3.30,225.8,222.92,226.48,222.92,,
2015.3.27,222.89,221.81,224.17,221.54,,
2015.3.26,221.73,223.39,224.45,221.04,,
2015.3.25,223.52,226.49,227.74,223.46,,
2015.3.24,226.29,228.82,229.87,225.83,,
2015.3.23,228.98,228.7,229.84,228.64,,
2015.3.20,228.71,226.6,229.14,226.36,,
2015.3.19,226.6,228.69,230.27,226.14,,
2015.3.18,228.86,222.8,230.17,222.23,,
2015.3.17,222.81,222.99,224.05,222.05,,
2015.3.16,223.2,219.61,224.76,219.61,,
2015.3.13,219.47,221.63,221.63,217.4,,
2015.3.12,221.71,217.86,222.55,217.86,,
2015.3.11,217.59,219.14,220.15,217.13,,
2015.3.10,219.03,219.31,221.57,218.43,,
2015.3.9,219.39,219.15,220.5,218.97,,
2015.3.6,219.15,226.1,226.1,218.26,,
2015.3.5,226.1,224.38,227.11,224.38,,
2015.3.4,224.38,225.8,225.8,223.6,,
2015.3.3,225.8,224.26,225.83,222.8,,
2015.3.2,224.2,228.66,228.66,222.7,,
2015.2.27,228.67,228.91,229.41,227.71,,
2015.2.26,228.89,230.62,231.58,228.46,,
2015.2.25,230.61,234.45,234.45,230.29,,
2015.2.24,234.44,233,235.79,232.3,,
2015.2.23,233.01,231.48,233.01,231.16,,
2015.2.20,231.46,231.36,231.8,228.41,,
2015.2.19,231.36,233.99,234.07,230.55,,
2015.2.18,233.92,228.5,234.15,228.19,,
2015.2.17,228.52,228.73,230.86,226.64,,
2015.2.13,228.74,232.09,232.09,226.96,,
2015.2.12,232.39,233.68,234.17,231.61,,
2015.2.11,233.63,238.97,238.97,233.16,,
2015.2.10,239.35,234.52,239.62,234.52,,
2015.2.9,234.47,236.55,237.71,233.44,,
2015.2.6,236.6,246.67,246.67,235.23,,
2015.2.5,246.8,244.7,247.33,244.05,,
2015.2.4,244.69,247.71,248.11,244.19,,
2015.2.3,247.88,246.83,248.57,245.47,,
2015.2.2,246.84,245.79,247.73,243.33,,
2015.1.30,245.77,251.03,251.03,245.59,,
2015.1.29,251.4,248.09,251.82,246.79,,
2015.1.28,248.1,250.43,253.29,247.6,,
2015.1.27,250.46,249.9,251.57,249.42,,
2015.1.26,250.04,250.13,250.14,247.74,,
2015.1.23,250.15,249.43,251.27,249.43,,
2015.1.22,249.31,250.41,251.73,247.68,,
2015.1.21,250.41,247.88,250.73,245.84,,
2015.1.20,247.96,247.59,248.47,245.69,,
2015.1.16,247.4,245.23,247.5,244.59,,
2015.1.15,245.23,243.56,245.85,243.16,,
2015.1.14,243.49,241.15,243.59,239.77,,
2015.1.13,241.21,240.46,244.89,240.04,,
2015.1.12,240.45,241.21,242,239.03,,
2015.1.9,241.09,242.68,243.23,239.9,,
2015.1.8,242.67,240.98,243.46,240.98,,
2015.1.7,240.97,238.95,241.86,238.23,,
2015.1.6,238.64,238.39,242.7,238.39,,
2015.1.5,238.35,241.51,241.7,237.4,,
2015.1.2,241.51,240.35,241.86,238.68,,