observation_date,NASDAQSX4020GI
2015-01-02,1594.32
2015-01-05,1588.68
2015-01-06,
2015-01-07,1565.62
2015-01-08,1620.91
2015-01-09,1606.99
2015-01-12,1617.47
2015-01-13,1631.25
2015-01-14,1596.07
2015-01-15,1609.49
2015-01-16,1603.74
2015-01-19,1617.61
2015-01-20,1622.77
2015-01-21,1632.35
2015-01-22,1651.95
2015-01-23,1653.93
2015-01-26,1675.29
2015-01-27,1656.16
2015-01-28,1711.42
2015-01-29,1725.63
2015-01-30,1792.20
2015-02-02,1811.95
2015-02-03,1805.67
2015-02-04,1823.79
2015-02-05,1824.10
2015-02-06,1814.56
2015-02-09,1806.45
2015-02-10,1837.20
2015-02-11,1834.35
2015-02-12,1859.32
2015-02-13,1862.06
2015-02-16,1844.04
2015-02-17,1835.07
2015-02-18,1828.39
2015-02-19,1843.08
2015-02-20,1832.54
2015-02-23,1841.37
2015-02-24,1847.49
2015-02-25,1856.12
2015-02-26,1856.67
2015-02-27,1873.59
2015-03-02,1856.86
2015-03-03,1839.13
2015-03-04,1844.25
2015-03-05,1868.82
2015-03-06,1851.01
2015-03-09,1850.10
2015-03-10,1829.21
2015-03-11,1840.04
2015-03-12,1836.70
2015-03-13,1840.54
2015-03-16,1847.09
2015-03-17,1824.15
2015-03-18,1845.53
2015-03-19,1849.62
2015-03-20,1834.39
2015-03-23,1822.90
2015-03-24,1830.82
2015-03-25,1793.86
2015-03-26,1776.66
2015-03-27,1779.43
2015-03-30,1796.62
2015-03-31,1790.18
2015-04-01,1796.67
2015-04-02,1801.97
2015-04-03,
2015-04-06,
2015-04-07,1826.21
2015-04-08,1797.77
2015-04-09,1808.55
2015-04-10,1826.94
2015-04-13,1812.58
2015-04-14,1817.25
2015-04-15,1834.24
2015-04-16,1844.08
2015-04-17,1814.31
2015-04-20,1835.08
2015-04-21,1853.64
2015-04-22,1859.95
2015-04-23,1851.70
2015-04-24,1898.16
2015-04-27,1926.61
2015-04-28,1887.96
2015-04-29,1864.97
2015-04-30,1895.64
2015-05-01,
2015-05-04,1931.62
2015-05-05,1900.13
2015-05-06,1892.48
2015-05-07,1896.85
2015-05-08,1929.72
2015-05-11,1919.45
2015-05-12,1893.32
2015-05-13,1925.24
2015-05-14,
2015-05-15,1931.59
2015-05-18,1926.10
2015-05-19,1956.62
2015-05-20,1971.69
2015-05-21,1975.72
2015-05-22,1976.40
2015-05-25,1996.22
2015-05-26,1971.56
2015-05-27,1996.20
2015-05-28,1989.83
2015-05-29,1960.89
2015-06-01,1963.38
2015-06-02,1945.61
2015-06-03,1944.54
2015-06-04,1924.26
2015-06-05,1903.05
2015-06-08,1897.54
2015-06-09,1888.59
2015-06-10,1918.64
2015-06-11,1933.77
2015-06-12,1925.78
2015-06-15,1886.38
2015-06-16,1910.39
2015-06-17,1896.48
2015-06-18,1889.74
2015-06-19,
2015-06-22,1937.63
2015-06-23,1946.34
2015-06-24,1937.84
2015-06-25,1929.12
2015-06-26,1941.17
2015-06-29,1882.45
2015-06-30,1878.24
2015-07-01,1904.90
2015-07-02,1852.13
2015-07-03,1856.58
2015-07-06,1838.45
2015-07-07,1836.92
2015-07-08,1852.00
2015-07-09,1884.16
2015-07-10,1917.04
2015-07-13,1952.16
2015-07-14,1968.16
2015-07-15,1966.51
2015-07-16,2004.29
2015-07-17,2017.11
2015-07-20,2033.39
2015-07-21,2018.42
2015-07-22,2016.27
2015-07-23,2027.45
2015-07-24,2032.37
2015-07-27,1988.08
2015-07-28,1997.29
2015-07-29,2019.94
2015-07-30,2017.36
2015-07-31,2032.85
2015-08-03,2057.90
2015-08-04,2065.45
2015-08-05,2072.59
2015-08-06,2070.87
2015-08-07,2055.21
2015-08-10,2071.84
2015-08-11,2039.49
2015-08-12,1981.18
2015-08-13,2001.81
2015-08-14,2003.24
2015-08-17,1999.19
2015-08-18,1997.68
2015-08-19,1978.42
2015-08-20,1954.62
2015-08-21,1902.60
2015-08-24,1816.42
2015-08-25,1912.86
2015-08-26,1897.88
2015-08-27,1935.66
2015-08-28,1969.67
2015-08-31,1956.62
2015-09-01,1917.23
2015-09-02,1924.87
2015-09-03,1964.52
2015-09-04,1928.12
2015-09-07,1946.26
2015-09-08,1954.59
2015-09-09,1964.62
2015-09-10,1963.49
2015-09-11,1955.50
2015-09-14,1935.86
2015-09-15,1926.48
2015-09-16,1956.89
2015-09-17,1957.75
2015-09-18,1941.54
2015-09-21,1951.56
2015-09-22,1903.84
2015-09-23,1912.46
2015-09-24,1869.79
2015-09-25,1916.60
2015-09-28,1887.18
2015-09-29,1876.24
2015-09-30,1918.22
2015-10-01,1871.53
2015-10-02,1868.65
2015-10-05,1914.22
2015-10-06,1913.84
2015-10-07,1861.26
2015-10-08,1882.15
2015-10-09,1894.47
2015-10-12,1900.87
2015-10-13,1898.24
2015-10-14,1880.07
2015-10-15,1911.79
2015-10-16,1926.27
2015-10-19,1944.10
2015-10-20,1957.92
2015-10-21,1950.93
2015-10-22,1985.99
2015-10-23,2020.60
2015-10-26,2005.96
2015-10-27,1995.25
2015-10-28,2019.59
2015-10-29,2057.71
2015-10-30,2054.86
2015-11-02,2028.49
2015-11-03,2038.63
2015-11-04,2073.89
2015-11-05,2069.55
2015-11-06,2053.10
2015-11-09,2052.48
2015-11-10,2053.27
2015-11-11,2068.19
2015-11-12,2056.58
2015-11-13,2020.80
2015-11-16,2028.78
2015-11-17,2066.21
2015-11-18,2060.67
2015-11-19,2074.16
2015-11-20,2103.98
2015-11-23,2099.76
2015-11-24,2067.70
2015-11-25,2099.53
2015-11-26,2106.68
2015-11-27,2103.14
2015-11-30,2114.87
2015-12-01,2118.46
2015-12-02,2122.14
2015-12-03,2074.41
2015-12-04,2051.69
2015-12-07,2020.89
2015-12-08,1983.48
2015-12-09,1963.11
2015-12-10,1956.10
2015-12-11,1918.51
2015-12-14,1907.47
2015-12-15,1958.21
2015-12-16,1978.02
2015-12-17,2003.15
2015-12-18,1983.20
2015-12-21,1975.11
2015-12-22,1955.97
2015-12-23,1987.98
2015-12-24,
2015-12-25,
2015-12-28,1977.45
2015-12-29,2009.49
2015-12-30,2010.47
2015-12-31,
2016-01-01,
2016-01-04,1947.16
2016-01-05,1934.83
2016-01-06,
2016-01-07,1896.82
2016-01-08,1883.06
2016-01-11,1887.87
2016-01-12,1895.20
2016-01-13,1915.82
2016-01-14,1874.83
2016-01-15,1854.90
2016-01-18,1868.54
2016-01-19,1897.14
2016-01-20,1851.11
2016-01-21,1871.01
2016-01-22,1914.31
2016-01-25,1915.45
2016-01-26,1926.59
2016-01-27,1934.46
2016-01-28,1924.52
2016-01-29,1972.72
2016-02-01,1981.10
2016-02-02,1966.30
2016-02-03,1938.14
2016-02-04,1932.70
2016-02-05,1913.33
2016-02-08,1851.82
2016-02-09,1843.93
2016-02-10,1863.12
2016-02-11,1821.34
2016-02-12,1866.59
2016-02-15,1922.30
2016-02-16,1908.89
2016-02-17,1954.00
2016-02-18,1963.61
2016-02-19,1957.34
2016-02-22,1963.12
2016-02-23,1940.99
2016-02-24,1912.40
2016-02-25,1968.22
2016-02-26,1988.61
2016-02-29,1982.26
2016-03-01,2013.13
2016-03-02,1975.85
2016-03-03,1960.53
2016-03-04,1979.54
2016-03-07,1969.39
2016-03-08,1963.76
2016-03-09,1974.29
2016-03-10,1961.14
2016-03-11,1984.72
2016-03-14,2014.41
2016-03-15,2008.86
2016-03-16,1999.01
2016-03-17,2004.77
2016-03-18,1997.99
2016-03-21,1988.83
2016-03-22,1987.22
2016-03-23,2005.27
2016-03-24,1999.80
2016-03-25,
2016-03-28,
2016-03-29,2008.46
2016-03-30,2042.85
2016-03-31,2027.41
2016-04-01,2017.75
2016-04-04,2030.79
2016-04-05,2019.46
2016-04-06,2038.84
2016-04-07,2025.22
2016-04-08,2058.71
2016-04-11,2053.98
2016-04-12,2050.81
2016-04-13,2070.38
2016-04-14,2072.43
2016-04-15,2060.60
2016-04-18,2071.48
2016-04-19,2112.64
2016-04-20,2109.44
2016-04-21,2090.59
2016-04-22,2037.38
2016-04-25,2053.17
2016-04-26,2048.54
2016-04-27,2061.35
2016-04-28,2116.85
2016-04-29,2101.21
2016-05-02,2081.75
2016-05-03,2081.59
2016-05-04,2099.76
2016-05-05,
2016-05-06,2096.36
2016-05-09,2124.87
2016-05-10,2128.88
2016-05-11,2119.69
2016-05-12,2114.83
2016-05-13,2116.34
2016-05-16,2124.88
2016-05-17,2113.17
2016-05-18,2131.07
2016-05-19,2107.85
2016-05-20,2140.23
2016-05-23,2139.44
2016-05-24,2179.99
2016-05-25,2179.32
2016-05-26,2201.94
2016-05-27,2186.82
2016-05-30,2185.85
2016-05-31,2195.74
2016-06-01,2179.90
2016-06-02,2180.95
2016-06-03,2171.74
2016-06-06,
2016-06-07,2193.14
2016-06-08,2188.85
2016-06-09,2162.41
2016-06-10,2129.93
2016-06-13,2100.03
2016-06-14,2065.61
2016-06-15,2087.80
2016-06-16,2064.46
2016-06-17,2083.48
2016-06-20,2141.43
2016-06-21,2165.97
2016-06-22,2167.10
2016-06-23,2191.89
2016-06-24,
2016-06-27,2051.76
2016-06-28,2108.27
2016-06-29,2166.18
2016-06-30,2191.47
2016-07-01,2226.78
2016-07-04,2211.31
2016-07-05,2192.45
2016-07-06,2172.89
2016-07-07,2206.03
2016-07-08,2223.03
2016-07-11,2250.44
2016-07-12,2235.80
2016-07-13,2239.50
2016-07-14,2235.44
2016-07-15,2264.21
2016-07-18,2273.55
2016-07-19,2236.53
2016-07-20,2226.30
2016-07-21,2210.01
2016-07-22,2218.14
2016-07-25,2242.30
2016-07-26,2247.42
2016-07-27,2244.49
2016-07-28,2233.47
2016-07-29,2228.03
2016-08-01,2217.45
2016-08-02,2208.29
2016-08-03,2206.07
2016-08-04,2218.11
2016-08-05,2235.36
2016-08-08,2229.88
2016-08-09,2258.27
2016-08-10,2236.80
2016-08-11,2252.85
2016-08-12,2248.86
2016-08-15,2251.22
2016-08-16,2232.33
2016-08-17,2220.99
2016-08-18,2220.95
2016-08-19,2199.38
2016-08-22,2194.77
2016-08-23,2205.54
2016-08-24,2270.18
2016-08-25,2263.21
2016-08-26,2270.40
2016-08-29,2261.43
2016-08-30,2271.18
2016-08-31,2264.87
2016-09-01,2265.42
2016-09-02,2309.33
2016-09-05,2306.07
2016-09-06,2306.42
2016-09-07,2312.44
2016-09-08,2293.98
2016-09-09,2245.26
2016-09-12,2236.55
2016-09-13,2233.42
2016-09-14,2239.05
2016-09-15,2264.93
2016-09-16,2250.21
2016-09-19,2262.92
2016-09-20,2258.91
2016-09-21,2247.81
2016-09-22,2287.03
2016-09-23,2281.13
2016-09-26,2263.25
2016-09-27,2280.49
2016-09-28,2267.42
2016-09-29,2255.22
2016-09-30,2271.09
2016-10-03,2269.11
2016-10-04,2294.13
2016-10-05,2262.68
2016-10-06,2258.49
2016-10-07,2232.93
2016-10-10,2249.20
2016-10-11,2249.10
2016-10-12,2243.83
2016-10-13,2235.37
2016-10-14,2248.91
2016-10-17,2241.92
2016-10-18,2255.09
2016-10-19,2258.78
2016-10-20,2258.61
2016-10-21,2252.57
2016-10-24,2235.34
2016-10-25,2212.27
2016-10-26,2208.90
2016-10-27,2230.48
2016-10-28,2254.29
2016-10-31,2242.89
2016-11-01,2239.62
2016-11-02,2220.79
2016-11-03,2221.70
2016-11-04,2197.75
2016-11-07,2219.81
2016-11-08,2222.02
2016-11-09,2183.73
2016-11-10,2135.77
2016-11-11,2111.60
2016-11-14,2063.96
2016-11-15,2105.96
2016-11-16,2110.11
2016-11-17,2133.89
2016-11-18,2154.21
2016-11-21,2150.98
2016-11-22,2147.91
2016-11-23,2136.47
2016-11-24,2132.70
2016-11-25,2140.39
2016-11-28,2133.87
2016-11-29,2137.13
2016-11-30,2146.66
2016-12-01,2103.46
2016-12-02,2103.93
2016-12-05,2103.46
2016-12-06,2098.10
2016-12-07,2096.62
2016-12-08,2105.05
2016-12-09,2152.15
2016-12-12,2170.79
2016-12-13,2208.69
2016-12-14,2209.40
2016-12-15,2219.32
2016-12-16,2224.14
2016-12-19,2248.60
2016-12-20,2236.08
2016-12-21,2235.31
2016-12-22,2233.11
2016-12-23,2246.14
2016-12-26,
2016-12-27,2256.43
2016-12-28,2245.74
2016-12-29,2247.58
2016-12-30,2263.49
2017-01-02,2265.05
2017-01-03,2250.05
2017-01-04,2242.24
2017-01-05,2239.80
2017-01-06,
2017-01-09,2236.13
2017-01-10,2228.58
2017-01-11,2241.71
2017-01-12,2225.11
2017-01-13,2239.46
2017-01-16,2236.68
2017-01-17,2224.48
2017-01-18,2228.29
2017-01-19,2232.80
2017-01-20,2244.74
2017-01-23,2228.20
2017-01-24,2243.93
2017-01-25,2262.34
2017-01-26,2285.35
2017-01-27,2299.17
2017-01-30,2280.50
2017-01-31,2300.13
2017-02-01,2302.81
2017-02-02,2338.15
2017-02-03,2341.20
2017-02-06,2324.09
2017-02-07,2340.19
2017-02-08,2352.27
2017-02-09,2350.40
2017-02-10,2347.96
2017-02-13,2345.98
2017-02-14,2349.77
2017-02-15,2362.73
2017-02-16,2371.47
2017-02-17,2386.21
2017-02-20,2391.03
2017-02-21,2408.93
2017-02-22,2420.08
2017-02-23,2435.84
2017-02-24,2421.35
2017-02-27,2419.12
2017-02-28,2421.32
2017-03-01,2444.80
2017-03-02,2428.96
2017-03-03,2421.93
2017-03-06,2418.40
2017-03-07,2417.72
2017-03-08,2415.07
2017-03-09,2430.20
2017-03-10,2462.63
2017-03-13,2458.98
2017-03-14,2461.13
2017-03-15,2449.87
2017-03-16,2465.64
2017-03-17,2465.60
2017-03-20,2465.81
2017-03-21,2454.20
2017-03-22,2438.96
2017-03-23,2459.82
2017-03-24,2455.35
2017-03-27,2451.40
2017-03-28,2450.55
2017-03-29,2457.06
2017-03-30,2474.33
2017-03-31,2502.92
2017-04-03,2490.07
2017-04-04,2478.56
2017-04-05,2472.34
2017-04-06,2485.46
2017-04-07,2496.62
2017-04-10,2509.01
2017-04-11,2488.25
2017-04-12,2511.29
2017-04-13,2596.69
2017-04-14,
2017-04-17,
2017-04-18,2544.50
2017-04-19,2559.30
2017-04-20,2567.73
2017-04-21,2575.16
2017-04-24,2616.69
2017-04-25,2591.47
2017-04-26,2608.92
2017-04-27,2628.07
2017-04-28,2606.31
2017-05-01,
2017-05-02,2613.31
2017-05-03,2610.65
2017-05-04,2648.49
2017-05-05,2665.10
2017-05-08,2662.17
2017-05-09,2687.37
2017-05-10,2669.63
2017-05-11,2675.12
2017-05-12,2687.90
2017-05-15,2692.66
2017-05-16,2710.59
2017-05-17,2679.16
2017-05-18,2653.05
2017-05-19,2663.72
2017-05-22,2670.35
2017-05-23,2705.16
2017-05-24,2706.45
2017-05-25,
2017-05-26,2709.69
2017-05-29,2704.80
2017-05-30,2733.70
2017-05-31,2732.28
2017-06-01,2729.86
2017-06-02,2730.67
2017-06-05,2734.68
2017-06-06,
2017-06-07,2722.36
2017-06-08,2715.54
2017-06-09,2718.87
2017-06-12,2708.88
2017-06-13,2721.11
2017-06-14,2726.10
2017-06-15,2741.11
2017-06-16,2747.81
2017-06-19,2760.04
2017-06-20,2773.80
2017-06-21,2762.02
2017-06-22,2754.71
2017-06-23,
2017-06-26,2758.91
2017-06-27,2717.08
2017-06-28,2691.55
2017-06-29,2649.72
2017-06-30,2632.68
2017-07-03,2637.95
2017-07-04,2644.44
2017-07-05,2644.83
2017-07-06,2624.95
2017-07-07,2641.79
2017-07-10,2668.39
2017-07-11,2645.62
2017-07-12,2692.81
2017-07-13,2675.64
2017-07-14,2680.68
2017-07-17,2694.92
2017-07-18,2657.03
2017-07-19,2683.04
2017-07-20,2669.06
2017-07-21,2658.89
2017-07-24,2642.34
2017-07-25,2628.60
2017-07-26,2638.51
2017-07-27,2632.73
2017-07-28,2598.71
2017-07-31,2607.15
2017-08-01,2623.93
2017-08-02,2599.84
2017-08-03,2602.03
2017-08-04,2608.03
2017-08-07,2608.82
2017-08-08,2621.83
2017-08-09,2596.27
2017-08-10,2571.01
2017-08-11,2545.97
2017-08-14,2581.02
2017-08-15,2548.33
2017-08-16,2550.78
2017-08-17,2557.93
2017-08-18,2523.19
2017-08-21,2512.38
2017-08-22,2526.46
2017-08-23,2519.65
2017-08-24,2533.88
2017-08-25,2541.32
2017-08-28,2541.13
2017-08-29,2523.25
2017-08-30,2528.71
2017-08-31,2545.77
2017-09-01,2562.68
2017-09-04,2546.46
2017-09-05,2530.29
2017-09-06,2513.52
2017-09-07,2545.34
2017-09-08,2541.18
2017-09-11,2556.22
2017-09-12,2553.79
2017-09-13,2552.93
2017-09-14,2562.82
2017-09-15,2547.95
2017-09-18,2535.60
2017-09-19,2525.53
2017-09-20,2533.13
2017-09-21,2526.91
2017-09-22,2532.31
2017-09-25,2547.66
2017-09-26,2554.38
2017-09-27,2534.39
2017-09-28,2544.74
2017-09-29,2571.70
2017-10-02,2595.40
2017-10-03,2632.13
2017-10-04,2616.45
2017-10-05,2634.56
2017-10-06,2607.35
2017-10-09,2610.54
2017-10-10,2624.74
2017-10-11,2614.15
2017-10-12,2616.45
2017-10-13,2638.53
2017-10-16,2618.84
2017-10-17,2618.72
2017-10-18,2630.62
2017-10-19,2617.57
2017-10-20,2603.65
2017-10-23,2598.62
2017-10-24,2596.12
2017-10-25,2588.20
2017-10-26,2685.67
2017-10-27,2737.55
2017-10-30,2740.74
2017-10-31,2772.92
2017-11-01,2768.88
2017-11-02,2759.49
2017-11-03,2770.88
2017-11-06,2776.40
2017-11-07,2759.18
2017-11-08,2778.99
2017-11-09,2751.04
2017-11-10,2740.27
2017-11-13,2732.78
2017-11-14,2734.03
2017-11-15,2715.96
2017-11-16,2727.11
2017-11-17,2723.75
2017-11-20,2721.13
2017-11-21,2746.01
2017-11-22,2726.02
2017-11-23,2728.55
2017-11-24,2726.56
2017-11-27,2698.74
2017-11-28,2720.64
2017-11-29,2691.25
2017-11-30,2703.44
2017-12-01,2699.28
2017-12-04,2758.49
2017-12-05,2764.70
2017-12-06,2749.09
2017-12-07,2761.63
2017-12-08,2736.32
2017-12-11,2749.20
2017-12-12,2752.09
2017-12-13,2748.67
2017-12-14,2724.71
2017-12-15,2718.77
2017-12-18,2742.61
2017-12-19,2722.33
2017-12-20,2697.79
2017-12-21,2725.93
2017-12-22,2701.01
2017-12-25,
2017-12-26,
2017-12-27,2695.91
2017-12-28,2676.89
2017-12-29,2664.47
2018-01-01,
2018-01-02,2648.42
2018-01-03,2675.71
2018-01-04,2692.45
2018-01-05,2702.46
2018-01-08,2710.58
2018-01-09,2724.94
2018-01-10,2713.71
2018-01-11,2728.20
2018-01-12,2711.20
2018-01-15,2725.93
2018-01-16,2708.37
2018-01-17,2708.89
2018-01-18,2682.36
2018-01-19,2696.35
2018-01-22,2713.06
2018-01-23,2746.11
2018-01-24,2721.56
2018-01-25,2691.14
2018-01-26,2718.37
2018-01-29,2699.51
2018-01-30,2680.02
2018-01-31,2712.76
2018-02-01,2724.73
2018-02-02,2710.74
2018-02-05,2638.99
2018-02-06,2574.74
2018-02-07,2628.18
2018-02-08,2593.18
2018-02-09,2609.24
2018-02-12,2633.49
2018-02-13,2612.06
2018-02-14,2645.19
2018-02-15,2681.35
2018-02-16,2708.64
2018-02-19,2697.98
2018-02-20,2714.07
2018-02-21,2738.89
2018-02-22,2740.42
2018-02-23,2757.69
2018-02-26,2778.72
2018-02-27,2754.79
2018-02-28,2757.96
2018-03-01,2706.97
2018-03-02,2658.33
2018-03-05,2708.18
2018-03-06,2740.00
2018-03-07,2723.64
2018-03-08,2772.56
2018-03-09,2776.28
2018-03-12,2778.40
2018-03-13,2761.48
2018-03-14,2766.70
2018-03-15,2775.87
2018-03-16,2751.00
2018-03-19,2720.57
2018-03-20,2723.28
2018-03-21,2704.24
2018-03-22,2670.96
2018-03-23,2680.76
2018-03-26,2656.44
2018-03-27,2693.21
2018-03-28,2706.17
2018-03-29,2730.70
2018-03-30,
2018-04-02,
2018-04-03,2709.56
2018-04-04,2694.90
2018-04-05,2737.30
2018-04-06,2723.74
2018-04-09,2706.63
2018-04-10,2712.06
2018-04-11,2669.01
2018-04-12,2701.35
2018-04-13,2710.91
2018-04-16,2708.83
2018-04-17,2750.31
2018-04-18,2767.31
2018-04-19,2767.89
2018-04-20,2739.57
2018-04-23,2756.95
2018-04-24,2741.36
2018-04-25,2759.59
2018-04-26,2799.43
2018-04-27,2774.55
2018-04-30,2771.06
2018-05-01,2771.06
2018-05-02,2795.11
2018-05-03,2771.88
2018-05-04,2752.39
2018-05-07,2791.25
2018-05-08,2818.32
2018-05-09,2822.92
2018-05-10,2822.92
2018-05-11,2793.70
2018-05-14,2813.69
2018-05-15,2826.23
2018-05-16,2826.04
2018-05-17,2842.93
2018-05-18,2850.89
2018-05-21,2865.72
2018-05-22,2869.25
2018-05-23,2841.92
2018-05-24,2847.44
2018-05-25,2839.03
2018-05-28,2814.37
2018-05-29,2801.44
2018-05-30,2804.99
2018-05-31,2776.59
2018-06-01,2793.57
2018-06-04,2791.67
2018-06-05,2780.52
2018-06-06,
2018-06-07,2760.51
2018-06-08,2772.19
2018-06-11,2772.31
2018-06-12,2756.18
2018-06-13,2760.13
2018-06-14,2774.50
2018-06-15,2761.44
2018-06-18,2741.96
2018-06-19,2743.99
2018-06-20,2758.70
2018-06-21,2754.53
2018-06-22,
2018-06-25,2749.08
2018-06-26,2722.51
2018-06-27,2729.83
2018-06-28,2704.13
2018-06-29,2756.74
2018-07-02,2733.96
2018-07-03,2722.07
2018-07-04,2697.32
2018-07-05,2683.24
2018-07-06,2701.17
2018-07-09,2712.77
2018-07-10,2726.43
2018-07-11,2700.13
2018-07-12,2731.63
2018-07-13,2741.14
2018-07-16,2747.01
2018-07-17,2680.47
2018-07-18,2697.87
2018-07-19,2753.99
2018-07-20,2772.89
2018-07-23,2739.67
2018-07-24,2739.07
2018-07-25,2706.30
2018-07-26,2725.31
2018-07-27,2723.67
2018-07-30,2727.90
2018-07-31,2728.69
2018-08-01,2763.57
2018-08-02,2765.40
2018-08-03,2796.99
2018-08-06,2805.58
2018-08-07,2806.77
2018-08-08,2797.62
2018-08-09,2789.86
2018-08-10,2764.15
2018-08-13,2769.78
2018-08-14,2774.08
2018-08-15,2772.97
2018-08-16,2811.51
2018-08-17,2831.79
2018-08-20,2850.96
2018-08-21,2851.50
2018-08-22,2846.77
2018-08-23,2829.33
2018-08-24,2801.90
2018-08-27,2822.66
2018-08-28,2821.55
2018-08-29,2815.46
2018-08-30,2839.29
2018-08-31,2828.16
2018-09-03,2828.11
2018-09-04,2815.23
2018-09-05,2781.20
2018-09-06,2775.21
2018-09-07,2772.85
2018-09-10,2787.09
2018-09-11,2789.27
2018-09-12,2805.94
2018-09-13,2791.77
2018-09-14,2801.16
2018-09-17,2791.78
2018-09-18,2772.77
2018-09-19,2768.70
2018-09-20,2747.66
2018-09-21,2770.49
2018-09-24,2744.69
2018-09-25,2732.49
2018-09-26,2736.23
2018-09-27,2738.41
2018-09-28,2700.40
2018-10-01,2705.72
2018-10-02,2696.79
2018-10-03,2739.58
2018-10-04,2695.06
2018-10-05,2687.54
2018-10-08,2675.77
2018-10-09,2680.99
2018-10-10,2655.73
2018-10-11,2591.71
2018-10-12,2581.55
2018-10-15,2580.03
2018-10-16,2583.84
2018-10-17,2580.30
2018-10-18,2582.96
2018-10-19,2544.98
2018-10-22,2551.65
2018-10-23,2524.52
2018-10-24,2517.64
2018-10-25,2505.01
2018-10-26,2477.85
2018-10-29,2483.27
2018-10-30,2506.96
2018-10-31,2542.77
2018-11-01,2543.72
2018-11-02,2583.35
2018-11-05,2573.88
2018-11-06,2561.90
2018-11-07,2574.36
2018-11-08,2563.14
2018-11-09,2583.22
2018-11-12,2566.25
2018-11-13,2529.41
2018-11-14,2519.09
2018-11-15,2496.53
2018-11-16,2519.27
2018-11-19,2492.37
2018-11-20,2444.16
2018-11-21,2486.75
2018-11-22,2474.11
2018-11-23,2496.19
2018-11-26,2507.80
2018-11-27,2525.02
2018-11-28,2541.04
2018-11-29,2570.89
2018-11-30,2566.75
2018-12-03,2563.65
2018-12-04,2534.64
2018-12-05,2496.28
2018-12-06,2429.86
2018-12-07,2460.23
2018-12-10,2438.70
2018-12-11,2494.27
2018-12-12,2533.52
2018-12-13,2536.87
2018-12-14,2509.72
2018-12-17,2452.12
2018-12-18,2453.28
2018-12-19,2465.53
2018-12-20,2403.18
2018-12-21,2386.75
2018-12-24,
2018-12-25,
2018-12-26,
2018-12-27,2339.05
2018-12-28,2390.37
2018-12-31,
2019-01-01,
2019-01-02,2384.68
2019-01-03,2372.82
2019-01-04,2408.68
2019-01-07,2419.92
2019-01-08,2457.93
2019-01-09,2502.04
2019-01-10,2531.00
2019-01-11,2545.48
2019-01-14,2526.48
2019-01-15,2527.07
2019-01-16,2536.25
2019-01-17,2562.53
2019-01-18,2583.42
2019-01-21,2573.84
2019-01-22,2570.70
2019-01-23,2556.89
2019-01-24,2556.66
2019-01-25,2565.40
2019-01-28,2568.33
2019-01-29,2596.60
2019-01-30,2599.76
2019-01-31,2692.57
2019-02-01,2739.29
2019-02-04,2745.34
2019-02-05,2768.75
2019-02-06,2758.90
2019-02-07,2753.03
2019-02-08,2781.09
2019-02-11,2812.36
2019-02-12,2800.14
2019-02-13,2854.98
2019-02-14,2852.17
2019-02-15,2875.27
2019-02-18,2890.94
2019-02-19,2893.85
2019-02-20,2910.93
2019-02-21,2913.91
2019-02-22,2924.16
2019-02-25,2897.91
2019-02-26,2900.87
2019-02-27,2879.09
2019-02-28,2866.80
2019-03-01,2888.22
2019-03-04,2908.69
2019-03-05,2934.29
2019-03-06,2890.94
2019-03-07,2874.35
2019-03-08,2882.46
2019-03-11,2898.19
2019-03-12,2908.27
2019-03-13,2885.22
2019-03-14,2914.32
2019-03-15,2928.84
2019-03-18,2941.03
2019-03-19,2947.00
2019-03-20,2944.61
2019-03-21,2944.61
2019-03-22,2922.69
2019-03-25,2917.88
2019-03-26,2908.58
2019-03-27,2907.91
2019-03-28,2959.17
2019-03-29,2940.45
2019-04-01,2950.96
2019-04-02,2943.67
2019-04-03,2962.71
2019-04-04,2947.24
2019-04-05,2957.14
2019-04-08,2966.41
2019-04-09,2943.71
2019-04-10,2975.84
2019-04-11,2953.79
2019-04-12,2975.52
2019-04-15,2987.43
2019-04-16,2993.05
2019-04-17,3022.58
2019-04-18,3019.94
2019-04-19,3019.94
2019-04-22,3019.94
2019-04-23,3050.60
2019-04-24,3085.40
2019-04-25,3114.30
2019-04-26,3130.49
2019-04-29,3136.24
2019-04-30,3125.53
2019-05-01,
2019-05-02,3124.30
2019-05-03,3141.73
2019-05-06,3129.73
2019-05-07,3089.38
2019-05-08,3090.36
2019-05-09,3087.95
2019-05-10,3097.28
2019-05-13,3056.91
2019-05-14,3075.49
2019-05-15,3088.29
2019-05-16,3123.91
2019-05-17,3119.59
2019-05-20,3088.86
2019-05-21,3111.03
2019-05-22,3116.88
2019-05-23,3092.86
2019-05-24,3102.47
2019-05-27,3099.18
2019-05-28,3112.64
2019-05-29,3050.36
2019-05-30,
2019-05-31,2992.80
2019-06-03,2989.45
2019-06-04,3018.26
2019-06-05,3041.44
2019-06-06,
2019-06-07,3110.30
2019-06-10,3111.25
2019-06-11,3148.48
2019-06-12,3164.74
2019-06-13,3165.17
2019-06-14,3174.45
2019-06-17,3164.21
2019-06-18,3177.29
2019-06-19,3161.72
2019-06-20,3170.70
2019-06-21,
2019-06-24,3153.17
2019-06-25,3153.23
2019-06-26,3120.97
2019-06-27,3112.89
2019-06-28,3112.52
2019-07-01,3129.86
2019-07-02,3165.63
2019-07-03,3173.01
2019-07-04,3175.04
2019-07-05,3162.90
2019-07-08,3175.59
2019-07-09,3155.42
2019-07-10,3142.83
2019-07-11,3125.01
2019-07-12,3133.30
2019-07-15,3134.36
2019-07-16,3106.66
2019-07-17,3092.09
2019-07-18,2990.63
2019-07-19,3063.15
2019-07-22,3088.63
2019-07-23,3108.52
2019-07-24,3077.43
2019-07-25,3045.95
2019-07-26,3042.24
2019-07-29,3048.55
2019-07-30,3056.87
2019-07-31,3060.74
2019-08-01,3084.38
2019-08-02,3019.12
2019-08-05,2981.79
2019-08-06,2974.25
2019-08-07,2988.17
2019-08-08,3036.51
2019-08-09,3003.80
2019-08-12,2999.96
2019-08-13,2998.12
2019-08-14,2963.47
2019-08-15,2954.42
2019-08-16,2983.33
2019-08-19,3021.26
2019-08-20,3026.81
2019-08-21,3036.44
2019-08-22,3002.63
2019-08-23,2982.16
2019-08-26,2982.23
2019-08-27,2988.58
2019-08-28,2986.57
2019-08-29,3031.02
2019-08-30,3064.96
2019-09-02,3066.90
2019-09-03,3073.47
2019-09-04,3074.10
2019-09-05,3062.29
2019-09-06,3046.41
2019-09-09,3004.76
2019-09-10,2994.16
2019-09-11,3041.61
2019-09-12,3068.88
2019-09-13,3047.79
2019-09-16,3024.32
2019-09-17,3029.69
2019-09-18,3060.53
2019-09-19,3073.74
2019-09-20,3056.07
2019-09-23,3016.60
2019-09-24,3029.34
2019-09-25,2995.86
2019-09-26,3021.36
2019-09-27,3032.00
2019-09-30,3019.40
2019-10-01,3028.01
2019-10-02,2963.80
2019-10-03,2953.90
2019-10-04,2985.47
2019-10-07,3028.13
2019-10-08,2982.64
2019-10-09,3008.43
2019-10-10,3006.83
2019-10-11,3034.49
2019-10-14,3031.18
2019-10-15,3058.83
2019-10-16,3063.73
2019-10-17,3097.76
2019-10-18,3099.29
2019-10-21,3125.89
2019-10-22,3131.24
2019-10-23,3101.85
2019-10-24,3115.58
2019-10-25,3261.13
2019-10-28,3251.49
2019-10-29,3209.20
2019-10-30,3230.03
2019-10-31,3208.34
2019-11-01,3213.07
2019-11-04,3216.14
2019-11-05,3210.85
2019-11-06,3234.20
2019-11-07,3234.07
2019-11-08,3246.22
2019-11-11,3232.01
2019-11-12,3250.21
2019-11-13,3262.36
2019-11-14,3250.33
2019-11-15,3237.95
2019-11-18,3240.89
2019-11-19,3229.70
2019-11-20,3221.41
2019-11-21,3206.90
2019-11-22,3203.50
2019-11-25,3223.00
2019-11-26,3253.55
2019-11-27,3235.77
2019-11-28,3236.34
2019-11-29,3233.52
2019-12-02,3187.90
2019-12-03,3156.93
2019-12-04,3192.85
2019-12-05,3186.04
2019-12-06,3223.87
2019-12-09,3208.97
2019-12-10,3179.63
2019-12-11,3177.53
2019-12-12,3187.73
2019-12-13,3220.49
2019-12-16,3204.34
2019-12-17,3238.12
2019-12-18,3231.83
2019-12-19,3253.71
2019-12-20,3280.51
2019-12-23,3293.06
2019-12-24,
2019-12-25,
2019-12-26,
2019-12-27,3293.48
2019-12-30,3262.48
2019-12-31,
2020-01-01,
2020-01-02,3327.94
2020-01-03,3310.79
2020-01-06,
2020-01-07,3330.66
2020-01-08,3344.49
2020-01-09,3347.61
2020-01-10,3350.10
2020-01-13,3399.06
2020-01-14,3388.70
2020-01-15,3399.44
2020-01-16,3434.32
2020-01-17,3467.52
2020-01-20,3459.40
2020-01-21,3465.37
2020-01-22,3369.21
2020-01-23,3363.55
2020-01-24,3406.77
2020-01-27,3349.79
2020-01-28,3385.05
2020-01-29,3395.23
2020-01-30,3348.60
2020-01-31,3324.02
2020-02-03,3313.57
2020-02-04,3357.81
2020-02-05,3373.07
2020-02-06,3375.11
2020-02-07,3355.43
2020-02-10,3353.18
2020-02-11,3382.57
2020-02-12,3414.21
2020-02-13,3401.90
2020-02-14,3414.99
2020-02-17,3423.88
2020-02-18,3434.17
2020-02-19,3463.39
2020-02-20,3447.31
2020-02-21,3431.38
2020-02-24,3297.41
2020-02-25,3271.97
2020-02-26,3283.52
2020-02-27,3211.16
2020-02-28,3095.35
2020-03-02,3111.42
2020-03-03,3195.08
2020-03-04,3216.09
2020-03-05,3226.78
2020-03-06,3147.32
2020-03-09,3050.04
2020-03-10,3004.75
2020-03-11,2971.65
2020-03-12,2725.74
2020-03-13,2716.09
2020-03-16,2623.03
2020-03-17,2660.34
2020-03-18,2569.36
2020-03-19,2685.64
2020-03-20,2646.08
2020-03-23,2553.36
2020-03-24,2638.43
2020-03-25,2718.93
2020-03-26,2815.76
2020-03-27,2707.22
2020-03-30,2809.28
2020-03-31,2881.03
2020-04-01,2748.14
2020-04-02,2744.76
2020-04-03,2711.47
2020-04-06,2769.01
2020-04-07,2819.97
2020-04-08,2813.57
2020-04-09,2845.00
2020-04-10,2845.00
2020-04-13,2845.00
2020-04-14,2941.81
2020-04-15,2908.56
2020-04-16,2929.72
2020-04-17,2977.57
2020-04-20,3010.59
2020-04-21,3011.17
2020-04-22,3024.05
2020-04-23,3005.03
2020-04-24,3018.76
2020-04-27,3059.11
2020-04-28,3125.93
2020-04-29,3138.05
2020-04-30,3107.90
2020-05-01,3107.90
2020-05-04,3032.87
2020-05-05,3054.74
2020-05-06,3043.79
2020-05-07,3083.84
2020-05-08,3134.22
2020-05-11,3148.40
2020-05-12,3176.93
2020-05-13,3131.01
2020-05-14,3033.96
2020-05-15,3074.12
2020-05-18,3179.43
2020-05-19,3174.59
2020-05-20,3182.99
2020-05-21,3182.99
2020-05-22,3204.53
2020-05-25,3261.49
2020-05-26,3270.77
2020-05-27,3264.77
2020-05-28,3316.13
2020-05-29,3297.68
2020-06-01,3290.82
2020-06-02,3304.24
2020-06-03,3347.96
2020-06-04,3304.44
2020-06-05,3268.27
2020-06-08,3271.44
2020-06-09,3239.70
2020-06-10,3264.38
2020-06-11,3158.38
2020-06-12,3168.77
2020-06-15,3200.09
2020-06-16,3275.63
2020-06-17,3302.58
2020-06-18,3280.83
2020-06-19,3280.83
2020-06-22,3276.42
2020-06-23,3299.10
2020-06-24,3226.22
2020-06-25,3269.83
2020-06-26,3301.42
2020-06-29,3300.33
2020-06-30,3314.91
2020-07-01,3353.02
2020-07-02,3378.54
2020-07-03,3364.22
2020-07-06,3396.80
2020-07-07,3391.26
2020-07-08,3376.90
2020-07-09,3362.83
2020-07-10,3355.59
2020-07-13,3421.20
2020-07-14,3383.97
2020-07-15,3467.42
2020-07-16,3418.66
2020-07-17,3365.17
2020-07-20,3400.27
2020-07-21,3411.44
2020-07-22,3441.77
2020-07-23,3457.34
2020-07-24,3413.72
2020-07-27,3473.00
2020-07-28,3463.36
2020-07-29,3474.57
2020-07-30,3427.74
2020-07-31,3427.21
2020-08-03,3521.87
2020-08-04,3521.69
2020-08-05,3558.39
2020-08-06,3573.75
2020-08-07,3607.56
2020-08-10,3618.46
2020-08-11,3671.80
2020-08-12,3649.97
2020-08-13,3676.76
2020-08-14,3622.67
2020-08-17,3678.73
2020-08-18,3684.76
2020-08-19,3736.58
2020-08-20,3701.11
2020-08-21,3708.05
2020-08-24,3777.16
2020-08-25,3778.66
2020-08-26,3838.54
2020-08-27,3826.90
2020-08-28,3836.09
2020-08-31,3838.68
2020-09-01,3844.09
2020-09-02,3893.97
2020-09-03,3774.21
2020-09-04,3752.76
2020-09-07,3830.51
2020-09-08,3755.60
2020-09-09,3783.48
2020-09-10,3805.89
2020-09-11,3797.66
2020-09-14,3823.95
2020-09-15,3888.06
2020-09-16,3933.53
2020-09-17,3959.81
2020-09-18,3942.75
2020-09-21,3816.61
2020-09-22,3850.27
2020-09-23,3905.08
2020-09-24,3926.55
2020-09-25,3999.41
2020-09-28,4066.85
2020-09-29,4102.39
2020-09-30,4126.57
2020-10-01,4146.31
2020-10-02,4105.16
2020-10-05,4116.94
2020-10-06,4113.77
2020-10-07,4149.07
2020-10-08,4120.99
2020-10-09,4126.00
2020-10-12,4148.81
2020-10-13,4134.12
2020-10-14,4195.89
2020-10-15,4128.03
2020-10-16,4186.37
2020-10-19,4178.60
2020-10-20,4162.53
2020-10-21,4074.89
2020-10-22,4124.81
2020-10-23,4116.85
2020-10-26,4009.84
2020-10-27,4024.02
2020-10-28,3893.17
2020-10-29,3861.34
2020-10-30,3899.72
2020-11-02,3965.22
2020-11-03,4089.74
2020-11-04,4147.47
2020-11-05,4183.86
2020-11-06,4192.09
2020-11-09,4004.96
2020-11-10,3869.79
2020-11-11,3956.76
2020-11-12,3930.73
2020-11-13,3986.73
2020-11-16,4035.37
2020-11-17,4006.35
2020-11-18,4011.09
2020-11-19,4027.67
2020-11-20,4027.70
2020-11-23,4046.98
2020-11-24,4027.40
2020-11-25,4045.17
2020-11-26,4042.70
2020-11-27,4066.39
2020-11-30,4102.17
2020-12-01,4097.92
2020-12-02,4041.08
2020-12-03,4032.65
2020-12-04,4061.84
2020-12-07,4067.65
2020-12-08,4140.74
2020-12-09,4222.31
2020-12-10,4189.06
2020-12-11,4198.54
2020-12-14,4261.94
2020-12-15,4260.47
2020-12-16,4260.21
2020-12-17,4276.59
2020-12-18,4335.46
2020-12-21,4223.36
2020-12-22,4265.13
2020-12-23,4287.23
2020-12-24,4287.23
2020-12-25,4287.23
2020-12-28,4320.13
2020-12-29,4353.43
2020-12-30,4304.84
2020-12-31,4304.84
2021-01-01,4304.84
2021-01-04,4326.54
2021-01-05,4375.34
2021-01-06,4375.34
2021-01-07,4284.63
2021-01-08,4329.45
2021-01-11,4298.19
2021-01-12,4332.17
2021-01-13,4452.10
2021-01-14,4463.31
2021-01-15,4396.41
2021-01-18,4428.58
2021-01-19,4433.92
2021-01-20,4473.21
2021-01-21,4512.21
2021-01-22,4523.24
2021-01-25,4478.13
2021-01-26,4531.00
2021-01-27,4497.47
2021-01-28,4464.52
2021-01-29,4388.82
2021-02-01,4496.48
2021-02-02,4515.58
2021-02-03,4521.10
2021-02-04,4590.29
2021-02-05,4511.10
2021-02-08,4570.37
2021-02-09,4473.25
2021-02-10,4484.59
2021-02-11,4570.95
2021-02-12,4589.08
2021-02-15,4620.10
2021-02-16,4586.55
2021-02-17,4546.51
2021-02-18,4526.13
2021-02-19,4591.66
2021-02-22,4556.68
2021-02-23,4505.76
2021-02-24,4573.96
2021-02-25,4574.71
2021-02-26,4545.93
2021-03-01,4614.05
2021-03-02,4656.30
2021-03-03,4698.52
2021-03-04,4628.09
2021-03-05,4594.00
2021-03-08,4671.11
2021-03-09,4813.04
2021-03-10,4880.79
2021-03-11,4962.98
2021-03-12,4974.09
2021-03-15,4984.48
2021-03-16,5017.77
2021-03-17,4995.43
2021-03-18,5072.01
2021-03-19,5071.49
2021-03-22,5138.85
2021-03-23,5121.25
2021-03-24,5177.93
2021-03-25,5186.30
2021-03-26,5180.36
2021-03-29,5074.27
2021-03-30,5105.15
2021-03-31,5136.88
2021-04-01,5196.79
2021-04-02,5196.79
2021-04-05,5196.79
2021-04-06,5255.07
2021-04-07,5270.67
2021-04-08,5296.19
2021-04-09,5336.14
2021-04-12,5249.01
2021-04-13,5323.45
2021-04-14,5300.90
2021-04-15,5332.28
2021-04-16,5417.95
2021-04-19,5373.06
2021-04-20,5319.35
2021-04-21,5330.10
2021-04-22,5316.29
2021-04-23,5366.08
2021-04-26,5343.03
2021-04-27,5344.85
2021-04-28,5319.83
2021-04-29,5262.09
2021-04-30,5248.85
2021-05-03,5271.82
2021-05-04,5137.33
2021-05-05,5263.27
2021-05-06,5197.34
2021-05-07,5279.14
2021-05-10,5227.88
2021-05-11,5085.98
2021-05-12,5098.96
2021-05-13,
2021-05-14,5145.65
2021-05-17,5143.14
2021-05-18,5218.67
2021-05-19,5094.12
2021-05-20,5179.10
2021-05-21,5171.59
2021-05-24,5215.27
2021-05-25,5228.77
2021-05-26,5207.21
2021-05-27,5276.34
2021-05-28,5346.04
2021-05-31,5353.56
2021-06-01,5451.21
2021-06-02,5381.98
2021-06-03,5353.74
2021-06-04,5397.69
2021-06-07,5392.55
2021-06-08,5392.82
2021-06-09,5300.19
2021-06-10,5305.09
2021-06-11,5296.12
2021-06-14,5316.19
2021-06-15,5257.47
2021-06-16,5288.20
2021-06-17,5278.73
2021-06-18,5200.27
2021-06-21,5199.68
2021-06-22,5194.19
2021-06-23,5158.94
2021-06-24,5179.07
2021-06-25,
2021-06-28,5174.09
2021-06-29,5274.07
2021-06-30,5232.28
2021-07-01,5217.04
2021-07-02,5234.63
2021-07-05,5285.55
2021-07-06,5305.66
2021-07-07,5368.65
2021-07-08,5264.58
2021-07-09,5280.14
2021-07-12,5326.49
2021-07-13,5364.47
2021-07-14,5367.64
2021-07-15,5285.74
2021-07-16,5229.24
2021-07-19,5177.61
2021-07-20,5049.22
2021-07-21,5226.64
2021-07-22,5325.19
2021-07-23,5378.33
2021-07-26,5349.63
2021-07-27,5323.92
2021-07-28,5309.06
2021-07-29,5329.35
2021-07-30,5327.60
2021-08-02,5352.66
2021-08-03,5348.12
2021-08-04,5342.47
2021-08-05,5318.75
2021-08-06,5299.66
2021-08-09,5296.64
2021-08-10,5294.84
2021-08-11,5253.80
2021-08-12,5302.42
2021-08-13,5300.31
2021-08-16,5231.30
2021-08-17,5210.19
2021-08-18,5267.86
2021-08-19,5169.96
2021-08-20,5215.42
2021-08-23,5243.17
2021-08-24,5213.49
2021-08-25,5214.91
2021-08-26,5272.27
2021-08-27,5284.29
2021-08-30,5301.04
2021-08-31,5266.88
2021-09-01,5265.06
2021-09-02,5324.87
2021-09-03,5303.94
2021-09-06,5341.06
2021-09-07,5314.51
2021-09-08,5229.52
2021-09-09,5228.13
2021-09-10,5189.64
2021-09-13,5183.31
2021-09-14,5210.40
2021-09-15,5182.23
2021-09-16,5267.09
2021-09-17,5265.70
2021-09-20,5132.05
2021-09-21,5028.04
2021-09-22,5030.40
2021-09-23,5098.93
2021-09-24,5065.06
2021-09-27,4996.48
2021-09-28,4901.79
2021-09-29,4913.36
2021-09-30,4889.39
2021-10-01,4874.23
2021-10-04,4772.25
2021-10-05,4834.75
2021-10-06,4746.30
2021-10-07,4818.86
2021-10-08,4776.85
2021-10-11,4726.30
2021-10-12,4775.26
2021-10-13,4868.64
2021-10-14,4893.13
2021-10-15,4939.39
2021-10-18,4938.49
2021-10-19,4973.30
2021-10-20,5096.29
2021-10-21,5109.82
2021-10-22,5131.28
2021-10-25,5131.42
2021-10-26,5139.95
2021-10-27,5112.16
2021-10-28,5127.73
2021-10-29,5139.37
2021-11-01,5220.88
2021-11-02,5229.66
2021-11-03,5277.60
2021-11-04,5359.33
2021-11-05,5390.91
2021-11-08,5298.82
2021-11-09,5334.12
2021-11-10,5393.22
2021-11-11,5482.42
2021-11-12,5529.46
2021-11-15,5607.28
2021-11-16,5679.67
2021-11-17,5688.36
2021-11-18,5665.62
2021-11-19,5704.28
2021-11-22,5658.59
2021-11-23,5492.17
2021-11-24,5477.56
2021-11-25,5545.02
2021-11-26,5516.24
2021-11-29,5498.73
2021-11-30,5394.69
2021-12-01,5507.12
2021-12-02,5452.08
2021-12-03,5374.42
2021-12-06,5365.04
2021-12-07,5534.98
2021-12-08,5500.70
2021-12-09,5504.81
2021-12-10,5484.72
2021-12-13,5447.46
2021-12-14,5335.60
2021-12-15,5370.34
2021-12-16,5414.73
2021-12-17,5403.72
2021-12-20,5378.25
2021-12-21,5459.53
2021-12-22,5515.87
2021-12-23,5596.70
2021-12-24,5596.70
2021-12-27,5690.88
2021-12-28,5701.94
2021-12-29,5720.15
2021-12-30,5699.48
2021-12-31,5699.48
2022-01-03,5738.44
2022-01-04,5695.51
2022-01-05,5706.13
2022-01-06,5706.13
2022-01-07,5522.22
2022-01-10,5329.84
2022-01-11,5414.53
2022-01-12,5443.87
2022-01-13,5438.55
2022-01-14,5223.83
2022-01-17,5175.51
2022-01-18,5055.55
2022-01-19,5089.56
2022-01-20,5151.18
2022-01-21,5035.81
2022-01-24,4819.50
2022-01-25,4842.24
2022-01-26,4932.03
2022-01-27,4880.06
2022-01-28,4836.27
2022-01-31,4960.29
2022-02-01,5000.44
2022-02-02,5031.52
2022-02-03,4936.55
2022-02-04,4821.02
2022-02-07,4802.37
2022-02-08,4749.76
2022-02-09,4906.90
2022-02-10,4811.65
2022-02-11,4756.89
2022-02-14,4617.83
2022-02-15,4715.75
2022-02-16,4677.25
2022-02-17,4532.17
2022-02-18,4412.58
2022-02-21,4319.07
2022-02-22,4327.94
2022-02-23,4254.83
2022-02-24,4186.14
2022-02-25,4280.88
2022-02-28,4357.75
2022-03-01,4216.69
2022-03-02,4181.79
2022-03-03,4064.02
2022-03-04,3967.46
2022-03-07,3911.86
2022-03-08,3900.99
2022-03-09,4083.17
2022-03-10,3995.83
2022-03-11,4066.07
2022-03-14,4205.95
2022-03-15,4133.23
2022-03-16,4310.86
2022-03-17,4239.49
2022-03-18,4259.82
2022-03-21,4262.54
2022-03-22,4225.15
2022-03-23,4094.83
2022-03-24,3983.51
2022-03-25,3897.39
2022-03-28,3931.66
2022-03-29,4173.43
2022-03-30,4132.46
2022-03-31,4062.17
2022-04-01,4061.82
2022-04-04,4090.82
2022-04-05,4035.89
2022-04-06,3902.26
2022-04-07,3932.27
2022-04-08,3970.65
2022-04-11,3863.79
2022-04-12,3935.32
2022-04-13,3918.41
2022-04-14,3945.82
2022-04-15,
2022-04-18,
2022-04-19,3970.50
2022-04-20,4005.87
2022-04-21,4070.81
2022-04-22,3991.77
2022-04-25,3905.04
2022-04-26,3798.26
2022-04-27,3775.08
2022-04-28,3877.81
2022-04-29,3912.89
2022-05-02,3861.61
2022-05-03,3832.48
2022-05-04,3811.39
2022-05-05,3712.94
2022-05-06,3717.80
2022-05-09,3598.48
2022-05-10,3664.19
2022-05-11,3726.73
2022-05-12,3721.08
2022-05-13,3823.26
2022-05-16,3750.32
2022-05-17,3831.49
2022-05-18,3714.53
2022-05-19,3677.11
2022-05-20,3641.44
2022-05-23,3655.42
2022-05-24,3556.94
2022-05-25,3508.98
2022-05-26,
2022-05-27,3723.12
2022-05-30,3781.89
2022-05-31,3756.48
2022-06-01,3723.89
2022-06-02,3776.20
2022-06-03,3767.35
2022-06-06,
2022-06-07,3744.98
2022-06-08,3751.21
2022-06-09,3615.00
2022-06-10,3518.31
2022-06-13,3431.05
2022-06-14,3343.11
2022-06-15,3354.54
2022-06-16,3213.68
2022-06-17,3244.44
2022-06-20,3249.01
2022-06-21,3249.98
2022-06-22,3208.28
2022-06-23,3205.56
2022-06-24,3205.56
2022-06-27,3297.56
2022-06-28,3263.71
2022-06-29,3225.07
2022-06-30,3137.08
2022-07-01,3172.55
2022-07-04,3156.02
2022-07-05,3184.11
2022-07-06,3284.89
2022-07-07,3364.52
2022-07-08,3392.88
2022-07-11,3355.84
2022-07-12,3421.04
2022-07-13,3370.08
2022-07-14,3286.50
2022-07-15,3229.64
2022-07-18,3299.35
2022-07-19,3340.76
2022-07-20,3339.01
2022-07-21,3437.36
2022-07-22,3504.28
2022-07-25,3452.52
2022-07-26,3294.73
2022-07-27,3274.51
2022-07-28,3347.51
2022-07-29,3464.10
2022-08-01,3460.58
2022-08-02,3370.30
2022-08-03,3433.47
2022-08-04,3515.00
2022-08-05,3449.37
2022-08-08,3491.13
2022-08-09,3379.39
2022-08-10,3501.53
2022-08-11,3512.95
2022-08-12,3530.25
2022-08-15,3500.66
2022-08-16,3458.55
2022-08-17,3393.46
2022-08-18,3439.17
2022-08-19,3322.55
2022-08-22,3233.12
2022-08-23,3208.99
2022-08-24,3201.78
2022-08-25,3209.19
2022-08-26,3124.95
2022-08-29,3116.59
2022-08-30,3157.60
2022-08-31,3129.81
2022-09-01,3034.18
2022-09-02,3097.97
2022-09-05,3009.54
2022-09-06,3020.65
2022-09-07,3017.04
2022-09-08,2996.48
2022-09-09,3086.33
2022-09-12,3039.43
2022-09-13,2910.44
2022-09-14,2861.49
2022-09-15,2839.20
2022-09-16,2814.20
2022-09-19,2818.27
2022-09-20,2747.38
2022-09-21,2763.99
2022-09-22,2678.87
2022-09-23,2696.05
2022-09-26,2703.71
2022-09-27,2725.68
2022-09-28,2771.83
2022-09-29,2688.63
2022-09-30,2750.17
2022-10-03,2779.10
2022-10-04,2877.90
2022-10-05,2777.04
2022-10-06,2805.71
2022-10-07,2736.27
2022-10-10,2785.72
2022-10-11,2795.48
2022-10-12,2780.10
2022-10-13,2832.44
2022-10-14,2875.06
2022-10-17,2864.63
2022-10-18,2935.29
2022-10-19,2858.24
2022-10-20,2856.67
2022-10-21,2822.38
2022-10-24,2840.23
2022-10-25,2929.31
2022-10-26,2924.05
2022-10-27,2948.44
2022-10-28,2970.73
2022-10-31,2962.84
2022-11-01,2943.38
2022-11-02,2963.70
2022-11-03,2894.51
2022-11-04,2946.73
2022-11-07,3002.57
2022-11-08,3099.64
2022-11-09,3096.82
2022-11-10,3227.99
2022-11-11,3371.85
2022-11-14,3375.75
2022-11-15,3314.49
2022-11-16,3176.82
2022-11-17,3158.73
2022-11-18,3212.13
2022-11-21,3172.64
2022-11-22,3178.56
2022-11-23,3225.31
2022-11-24,3272.01
2022-11-25,3292.25
2022-11-28,3245.10
2022-11-29,3252.49
2022-11-30,3289.70
2022-12-01,3349.62
2022-12-02,3370.14
2022-12-05,3386.90
2022-12-06,3338.74
2022-12-07,3293.24
2022-12-08,3251.93
2022-12-09,3285.70
2022-12-12,3277.78
2022-12-13,3354.27
2022-12-14,3319.92
2022-12-15,3178.48
2022-12-16,3120.30
2022-12-19,3103.14
2022-12-20,3063.87
2022-12-21,3097.74
2022-12-22,3088.28
2022-12-23,3109.55
2022-12-26,
2022-12-27,3127.54
2022-12-28,3083.85
2022-12-29,3158.79
2022-12-30,3079.11
2023-01-02,3169.26
2023-01-03,3213.78
2023-01-04,3253.85
2023-01-05,3286.89
2023-01-06,
2023-01-09,3364.82
2023-01-10,3283.07
2023-01-11,3269.00
2023-01-12,3242.95
2023-01-13,3245.21
2023-01-16,3309.97
2023-01-17,3266.21
2023-01-18,3290.20
2023-01-19,3166.97
2023-01-20,3193.07
2023-01-23,3257.03
2023-01-24,3238.39
2023-01-25,3193.12
2023-01-26,3250.08
2023-01-27,3298.15
2023-01-30,3289.73
2023-01-31,3303.22
2023-02-01,3365.67
2023-02-02,3482.29
2023-02-03,3475.49
2023-02-06,3369.86
2023-02-07,3330.19
2023-02-08,3369.04
2023-02-09,3396.12
2023-02-10,3255.25
2023-02-13,3291.71
2023-02-14,3276.20
2023-02-15,3348.77
2023-02-16,3442.99
2023-02-17,3356.41
2023-02-20,3384.15
2023-02-21,3346.32
2023-02-22,3314.94
2023-02-23,3291.43
2023-02-24,3184.65
2023-02-27,3251.12
2023-02-28,3250.85
2023-03-01,3200.15
2023-03-02,3238.53
2023-03-03,3315.32
2023-03-06,3300.11
2023-03-07,3219.30
2023-03-08,3206.68
2023-03-09,3208.02
2023-03-10,3167.95
2023-03-13,3127.14
2023-03-14,3187.45
2023-03-15,3061.27
2023-03-16,3110.37
2023-03-17,3067.22
2023-03-20,3075.52
2023-03-21,3047.60
2023-03-22,3047.54
2023-03-23,3061.82
2023-03-24,2995.68
2023-03-27,3033.39
2023-03-28,2926.03
2023-03-29,3020.43
2023-03-30,3106.09
2023-03-31,3202.88
2023-04-03,3158.99
2023-04-04,3180.12
2023-04-05,3105.20
2023-04-06,3105.16
2023-04-07,
2023-04-10,
2023-04-11,3176.81
2023-04-12,3177.29
2023-04-13,3187.59
2023-04-14,3236.65
2023-04-17,3271.16
2023-04-18,3305.62
2023-04-19,3240.62
2023-04-20,3249.57
2023-04-21,3215.66
2023-04-24,3249.29
2023-04-25,3235.79
2023-04-26,3310.74
2023-04-27,3387.48
2023-04-28,3494.33
2023-05-01,
2023-05-02,3435.23
2023-05-03,3464.47
2023-05-04,3473.01
2023-05-05,3503.39
2023-05-08,3484.80
2023-05-09,3464.95
2023-05-10,3460.78
2023-05-11,3523.97
2023-05-12,3473.72
2023-05-15,3497.23
2023-05-16,3314.17
2023-05-17,3264.64
2023-05-18,
2023-05-19,3302.29
2023-05-22,3297.57
2023-05-23,3297.35
2023-05-24,2952.00
2023-05-25,2880.92
2023-05-26,2942.62
2023-05-29,2885.58
2023-05-30,2894.44
2023-05-31,2873.32
2023-06-01,2942.33
2023-06-02,2986.84
2023-06-05,2958.02
2023-06-06,2958.02
2023-06-07,2991.60
2023-06-08,2958.08
2023-06-09,2963.27
2023-06-12,2984.70
2023-06-13,3023.93
2023-06-14,3079.48
2023-06-15,3068.40
2023-06-16,3045.03
2023-06-19,3023.20
2023-06-20,2971.00
2023-06-21,3006.30
2023-06-22,2977.04
2023-06-23,2977.04
2023-06-26,3000.35
2023-06-27,3028.44
2023-06-28,3090.77
2023-06-29,3098.49
2023-06-30,3111.33
2023-07-03,3099.65
2023-07-04,3121.50
2023-07-05,3081.38
2023-07-06,2974.50
2023-07-07,3008.24
2023-07-10,3005.66
2023-07-11,3030.52
2023-07-12,3109.52
2023-07-13,3096.80
2023-07-14,3088.13
2023-07-17,3083.83
2023-07-18,3118.26
2023-07-19,3207.28
2023-07-20,3058.90
2023-07-21,3060.10
2023-07-24,3101.09
2023-07-25,3156.02
2023-07-26,3141.43
2023-07-27,3177.77
2023-07-28,3175.03
2023-07-31,3173.72
2023-08-01,3161.59
2023-08-02,3092.64
2023-08-03,3073.44
2023-08-04,3124.81
2023-08-07,3103.83
2023-08-08,3080.21
2023-08-09,3094.92
2023-08-10,3120.28
2023-08-11,3083.33
2023-08-14,3100.12
2023-08-15,3064.11
2023-08-16,3014.40
2023-08-17,3015.41
2023-08-18,2969.91
2023-08-21,2922.32
2023-08-22,2920.17
2023-08-23,2912.78
2023-08-24,2812.14
2023-08-25,2798.05
2023-08-28,2836.22
2023-08-29,2874.72
2023-08-30,2862.62
2023-08-31,2915.86
2023-09-01,2897.10
2023-09-04,2906.61
2023-09-05,2881.10
2023-09-06,2875.65
2023-09-07,2758.10
2023-09-08,2753.64
2023-09-11,2781.84
2023-09-12,2765.26
2023-09-13,2729.12
2023-09-14,2775.67
2023-09-15,2767.00
2023-09-18,2750.17
2023-09-19,2710.86
2023-09-20,2736.60
2023-09-21,2706.45
2023-09-22,2691.73
2023-09-25,2636.49
2023-09-26,2594.82
2023-09-27,2599.96
2023-09-28,2608.04
2023-09-29,2663.04
2023-10-02,2654.15
2023-10-03,2593.73
2023-10-04,2557.52
2023-10-05,2590.69
2023-10-06,2580.66
2023-10-09,2566.13
2023-10-10,2647.01
2023-10-11,2625.87
2023-10-12,2598.96
2023-10-13,2547.53
2023-10-16,2546.16
2023-10-17,2509.14
2023-10-18,2490.81
2023-10-19,2488.80
2023-10-20,2402.57
2023-10-23,2352.02
2023-10-24,2395.74
2023-10-25,2323.07
2023-10-26,2356.03
2023-10-27,2284.71
2023-10-30,2310.19
2023-10-31,2353.21
2023-11-01,2339.07
2023-11-02,2411.81
2023-11-03,2451.89
2023-11-06,2464.37
2023-11-07,2464.63
2023-11-08,2472.17
2023-11-09,2533.08
2023-11-10,2480.41
2023-11-13,2483.56
2023-11-14,2617.13
2023-11-15,2632.99
2023-11-16,2594.87
2023-11-17,2663.32
2023-11-20,2670.39
2023-11-21,2628.24
2023-11-22,2644.86
2023-11-23,2659.80
2023-11-24,2656.39
2023-11-27,2650.17
2023-11-28,2632.55
2023-11-29,2662.00
2023-11-30,2649.98
2023-12-01,2671.12
2023-12-04,2684.09
2023-12-05,2730.32
2023-12-06,2772.98
2023-12-07,2782.41
2023-12-08,2801.73
2023-12-11,2796.44
2023-12-12,2770.17
2023-12-13,2732.54
2023-12-14,2914.00
2023-12-15,2908.18
2023-12-18,2875.15
2023-12-19,2914.65
2023-12-20,2910.26
2023-12-21,2872.32
2023-12-22,2883.49
2023-12-25,
2023-12-26,
2023-12-27,2905.63
2023-12-28,2884.24
2023-12-29,2896.24
2024-01-01,
2024-01-02,2876.27
2024-01-03,2786.61
2024-01-04,2777.44
2024-01-05,2725.79
2024-01-08,2791.39
2024-01-09,2796.69
2024-01-10,2786.39
2024-01-11,2748.37
2024-01-12,2741.99
2024-01-15,2669.81
2024-01-16,2659.87
2024-01-17,2619.63
2024-01-18,2615.16
2024-01-19,2579.02
2024-01-22,2610.91
2024-01-23,2625.42
2024-01-24,2663.26
2024-01-25,2691.11
2024-01-26,2715.83
2024-01-29,2725.71
2024-01-30,2699.78
2024-01-31,2689.29
2024-02-01,2678.58
2024-02-02,2665.71
2024-02-05,2621.49
2024-02-06,2622.54
2024-02-07,2576.92
2024-02-08,2643.85
2024-02-09,2671.14
2024-02-12,2684.52
2024-02-13,2651.13
2024-02-14,2657.33
2024-02-15,2634.34
2024-02-16,2643.66
2024-02-19,2625.43
2024-02-20,2595.87
2024-02-21,2616.14
2024-02-22,2644.18
2024-02-23,2658.57
2024-02-26,2625.33
2024-02-27,2667.05
2024-02-28,2618.88
2024-02-29,2630.99
2024-03-01,2680.28
2024-03-04,2601.43
2024-03-05,2575.64
2024-03-06,2553.04
2024-03-07,2569.72
2024-03-08,2594.26
2024-03-11,2594.36
2024-03-12,2652.66
2024-03-13,2668.92
2024-03-14,2646.77
2024-03-15,2636.49
2024-03-18,2652.03
2024-03-19,2678.77
2024-03-20,2691.17
2024-03-21,2764.80
2024-03-22,2788.79
2024-03-25,2798.40
2024-03-26,2827.47
2024-03-27,2885.80
2024-03-28,2955.30
2024-03-29,
2024-04-01,
2024-04-02,2933.00
2024-04-03,2962.80
2024-04-04,2984.23
2024-04-05,2940.44
2024-04-08,2914.48
2024-04-09,2913.04
2024-04-10,2903.96
2024-04-11,2899.64
2024-04-12,2879.29
2024-04-15,2874.27
2024-04-16,2834.47
2024-04-17,2833.32
2024-04-18,2856.45
2024-04-19,2812.67
2024-04-22,2846.90
2024-04-23,2914.93
2024-04-24,2879.20
2024-04-25,2820.15
2024-04-26,2882.90
2024-04-29,2956.06
2024-04-30,2974.30
2024-05-01,
2024-05-02,2889.94
2024-05-03,2959.17
2024-05-06,2957.68
2024-05-07,3014.79
2024-05-08,3016.07
2024-05-09,
2024-05-10,3086.19
2024-05-13,3084.58
2024-05-14,3144.62
2024-05-15,3142.77
2024-05-16,3142.28
2024-05-17,3141.32
2024-05-20,3152.68
2024-05-21,3119.64
2024-05-22,3108.14
2024-05-23,3038.23
2024-05-24,3022.52
2024-05-27,3017.80
2024-05-28,3035.21
2024-05-29,2967.76
2024-05-30,3017.24
2024-05-31,3015.65
2024-06-03,3002.32
2024-06-04,2985.91
2024-06-05,2958.55
2024-06-06,
2024-06-07,2971.07
2024-06-10,2945.21
2024-06-11,2967.48
2024-06-12,3022.24
2024-06-13,2974.72
2024-06-14,2893.91
2024-06-17,2863.72
2024-06-18,2854.15
2024-06-19,2833.05
2024-06-20,2866.73
2024-06-21,
2024-06-24,2890.56
2024-06-25,2796.29
2024-06-26,2809.08
2024-06-27,2797.54
2024-06-28,2774.58
2024-07-01,2790.68
2024-07-02,2768.37
2024-07-03,2808.21
2024-07-04,2809.32
2024-07-05,2826.25
2024-07-08,2845.58
2024-07-09,2812.60
2024-07-10,2818.99
2024-07-11,2894.46
2024-07-12,2949.05
2024-07-15,2904.64
2024-07-16,2897.38
2024-07-17,2943.85
2024-07-18,2901.41
2024-07-19,2858.96
2024-07-22,2850.18
2024-07-23,2840.79
2024-07-24,2856.74
2024-07-25,2856.39
2024-07-26,2877.04
2024-07-29,2876.60
2024-07-30,2869.23
2024-07-31,2881.36
2024-08-01,2819.03
2024-08-02,2728.60
2024-08-05,2653.20
2024-08-06,2645.58
2024-08-07,2705.68
2024-08-08,2683.21
2024-08-09,2692.09
2024-08-12,2669.41
2024-08-13,2677.98
2024-08-14,2698.17
2024-08-15,2705.80
2024-08-16,2724.44
2024-08-19,2772.51
2024-08-20,2757.89
2024-08-21,2744.43
2024-08-22,2757.90
2024-08-23,2803.72
2024-08-26,2804.78
2024-08-27,2782.05
2024-08-28,2787.98
2024-08-29,2806.69
2024-08-30,2829.99
2024-09-02,2771.53
2024-09-03,2729.16
2024-09-04,2724.30
2024-09-05,2747.79
2024-09-06,2710.11
2024-09-09,2748.05
2024-09-10,2744.38
2024-09-11,2643.05
2024-09-12,2671.74
2024-09-13,2733.21
2024-09-16,2710.51
2024-09-17,2713.19
2024-09-18,2730.05
2024-09-19,2775.14
2024-09-20,2725.33
2024-09-23,2726.67
2024-09-24,2731.81
2024-09-25,2747.47
2024-09-26,2821.76
2024-09-27,2837.94
2024-09-30,2814.18
2024-10-01,2779.75
2024-10-02,2804.62
2024-10-03,2797.45
2024-10-04,2860.03
2024-10-07,2839.19
2024-10-08,2820.42
2024-10-09,2849.10
2024-10-10,2792.84
2024-10-11,2807.25
2024-10-14,2793.59
2024-10-15,2839.98
2024-10-16,2818.32
2024-10-17,2821.54
2024-10-18,2843.04
2024-10-21,2796.45
2024-10-22,2811.82
2024-10-23,2877.70
2024-10-24,2908.12
2024-10-25,2862.37
2024-10-28,2910.45
2024-10-29,2907.38
2024-10-30,2878.28
2024-10-31,2870.03
2024-11-01,2866.97
2024-11-04,2879.94
2024-11-05,2845.53
2024-11-06,2768.30
2024-11-07,2831.76
2024-11-08,2823.77
2024-11-11,2804.61
2024-11-12,2726.67
2024-11-13,2709.62
2024-11-14,2751.02
2024-11-15,2719.83
2024-11-18,2704.66
2024-11-19,2641.09
2024-11-20,2612.93
2024-11-21,2590.68
2024-11-22,2640.20
2024-11-25,2689.19
2024-11-26,2661.15
2024-11-27,2677.25
2024-11-28,2687.82
2024-11-29,2684.08
2024-12-02,2710.27
2024-12-03,2719.64
2024-12-04,2762.54
2024-12-05,2754.64
2024-12-06,2819.59
2024-12-09,2843.84
2024-12-10,2827.72
2024-12-11,2864.71
2024-12-12,2825.68
2024-12-13,2819.82
2024-12-16,2803.87
2024-12-17,2797.88
2024-12-18,2824.04
2024-12-19,2724.35
2024-12-20,2711.64
2024-12-23,2692.76
2024-12-24,
2024-12-25,
2024-12-26,
2024-12-27,2726.27
2024-12-30,2716.59
2024-12-31,
